record_id,spent_on,organization,department,merchant,purpose,amount_krw,source_hash,source_location,repeats,expense_id,expense_amount_krw
ce5af0bc1df3c6f0-table1-R3,2026-01-29,busan-dongnae,,㈜쿠팡,부서운영물품(다과류) 구입,96270,ce5af0bc1df3c6f0c5766ed2970b6d813d9284ee0086076443fdf4c7ba23e252,table1:R3,,,
ce5af0bc1df3c6f0-table1-R4,2026-01-30,busan-dongnae,,정림,인사이동에 따른 직원 간담회 개최,525000,ce5af0bc1df3c6f0c5766ed2970b6d813d9284ee0086076443fdf4c7ba23e252,table1:R4,,,
ce5af0bc1df3c6f0-table1-R5,2026-02-13,busan-dongnae,,예원한정식,착한결제 부서운영업무추진비 선결제,420000,ce5af0bc1df3c6f0c5766ed2970b6d813d9284ee0086076443fdf4c7ba23e252,table1:R5,,,
ce5af0bc1df3c6f0-table1-R6,2026-02-27,busan-dongnae,,㈜메가마트동래점,부서운영물품(다과류)구입,30400,ce5af0bc1df3c6f0c5766ed2970b6d813d9284ee0086076443fdf4c7ba23e252,table1:R6,,,
ce5af0bc1df3c6f0-table1-R7,2026-03-31,busan-dongnae,,㈜메가마트동래점,부서운영물품(다과류)구입,33930,ce5af0bc1df3c6f0c5766ed2970b6d813d9284ee0086076443fdf4c7ba23e252,table1:R7,,,
ce5af0bc1df3c6f0-table1-R8,2026-02-12,busan-dongnae,,정림,2026년 소비자식품위생감시원 간담회 개최,500000,ce5af0bc1df3c6f0c5766ed2970b6d813d9284ee0086076443fdf4c7ba23e252,table1:R8,,,
ce5af0bc1df3c6f0-table1-R9,2026-03-05,busan-dongnae,,밀대장79,2026년 공중위생감시원 공중위생서비스평가 조사원 간담회 개최(선결제),300000,ce5af0bc1df3c6f0c5766ed2970b6d813d9284ee0086076443fdf4c7ba23e252,table1:R9,,,
d5c92359c7f824e6-table1-R3,2026-06-09,busan-dongnae,,사헌삼계탕,동래자연사랑봉사회 격려 오찬 간담회,558000,d5c92359c7f824e62aae83707dbbcbdf6503ed711d23f487268834521880069a,table1:R3,,,
d5c92359c7f824e6-table1-R4,2026-06-24,busan-dongnae,,쿠팡(주)금정떡방앗간,탄소제로 에코투어 운영 다과 구입,74000,d5c92359c7f824e62aae83707dbbcbdf6503ed711d23f487268834521880069a,table1:R4,,,
d5c92359c7f824e6-table1-R5,2026-06-24,busan-dongnae,,쿠팡(주),부서운영물품(다과류등) 구입,313180,d5c92359c7f824e62aae83707dbbcbdf6503ed711d23f487268834521880069a,table1:R5,,,
d51d3c4fb8ea3b97-table1-R3,2026-04-22,busan-dongnae,,우리아빵,긴급지원 발굴을 위한 통합사례회의 개최에 따른 다과 구입,104500,d51d3c4fb8ea3b97eddd45f7e902547f512a173b1115d8b90606c197a4a3717c,table1:R3,,,
d51d3c4fb8ea3b97-table1-R4,2026-06-11,busan-dongnae,,쿠팡,2026년 하절기 환경정비 활동 참여자 생수(얼음물) 구입,58800,d51d3c4fb8ea3b97eddd45f7e902547f512a173b1115d8b90606c197a4a3717c,table1:R4,,,
d51d3c4fb8ea3b97-table1-R5,2026-06-17,busan-dongnae,,구움인,안락제2동 통장 공개모집에 따른 면접장 다과 구입,52200,d51d3c4fb8ea3b97eddd45f7e902547f512a173b1115d8b90606c197a4a3717c,table1:R5,,,
d51d3c4fb8ea3b97-table1-R6,2026-06-18,busan-dongnae,,커피&현 (COFFEE& HYUN),2026년 안락2동 통장 공개모집 면접심사 면접위원 음료 구입,13700,d51d3c4fb8ea3b97eddd45f7e902547f512a173b1115d8b90606c197a4a3717c,table1:R6,,,
d51d3c4fb8ea3b97-table1-R7,2026-06-19,busan-dongnae,,토리나무 안락점,2026년 충렬장학회 워크숍 참석자 간 소통·교류 활성화를 위한 음료 제공,63000,d51d3c4fb8ea3b97eddd45f7e902547f512a173b1115d8b90606c197a4a3717c,table1:R7,,,
d51d3c4fb8ea3b97-table1-R8,2026-06-24,busan-dongnae,,인절미,2026년 안락2동 희망지킴이 역량강화 워크숍 참여자 간 소통·교류 활성화를 위한 간식(떡) 제공,63000,d51d3c4fb8ea3b97eddd45f7e902547f512a173b1115d8b90606c197a4a3717c,table1:R8,,,
d51d3c4fb8ea3b97-table1-R9,2026-06-24,busan-dongnae,,우동김밥집,2026년 안락2동 희망지킴이 역량강화 워크숍 참여자 간 소통·교류 활성화를 위한 간식(김밥) 제공,140000,d51d3c4fb8ea3b97eddd45f7e902547f512a173b1115d8b90606c197a4a3717c,table1:R9,,,
d51d3c4fb8ea3b97-table1-R10,2026-06-25,busan-dongnae,,황금모래 수라상,저소득 고령가구 발굴을 위한 간담회 개최,271000,d51d3c4fb8ea3b97eddd45f7e902547f512a173b1115d8b90606c197a4a3717c,table1:R10,,,
5542166b1528315e-table1-R3,2026-04-23,busan-dongnae,,동래삼계탕,생활보장위원회 위원 간담회 개최,183000,5542166b1528315ed01420685b843b9efe190a7aead8e816129141a939c843ab,table1:R3,,,
5542166b1528315e-table1-R4,2026-06-22,busan-dongnae,,부산참치상회,복지가족국 업무협의 간담회 개최,180000,5542166b1528315ed01420685b843b9efe190a7aead8e816129141a939c843ab,table1:R4,,,
c07eb8a2a848ff69-table1-R3,2026-04-22,busan-dongnae,,"건효돼지국밥,동래합천돼지국밥",「얼쑤!절쑤! 저소득가구 주거환경개선사업」 식대비 지급(4월),200000,c07eb8a2a848ff6977c059f55dfb704becf8164f21271042e28aeb3225959d18,table1:R3,,,
c07eb8a2a848ff69-table1-R4,2026-05-26,busan-dongnae,,"태동, 명품식당",「얼쑤!절쑤! 저소득가구 주거환경개선사업」 식대비 지급(5월),327000,c07eb8a2a848ff6977c059f55dfb704becf8164f21271042e28aeb3225959d18,table1:R4,,,
c07eb8a2a848ff69-table1-R5,2026-05-27,busan-dongnae,,박만배의 아리랑보쌈(동래점),동래구 통합지원협의체 산하 실무협의체 간담회 개최,108000,c07eb8a2a848ff6977c059f55dfb704becf8164f21271042e28aeb3225959d18,table1:R5,,,
c07eb8a2a848ff69-table1-R6,2026-05-28,busan-dongnae,,메가마트동래점,부서운영물품 구입(다과 등),44000,c07eb8a2a848ff6977c059f55dfb704becf8164f21271042e28aeb3225959d18,table1:R6,,,
c07eb8a2a848ff69-table1-R7,2026-06-18,busan-dongnae,,쿠팡,부서운영물품 구입(라면),20220,c07eb8a2a848ff6977c059f55dfb704becf8164f21271042e28aeb3225959d18,table1:R7,,,
c07eb8a2a848ff69-table1-R8,2026-06-22,busan-dongnae,,동래농업협동조합,2026년 제10차 통합지원회의 다과 구입,45720,c07eb8a2a848ff6977c059f55dfb704becf8164f21271042e28aeb3225959d18,table1:R8,,,
c07eb8a2a848ff69-table1-R9,2026-06-30,busan-dongnae,,메가마트동래점,부서운영물품 구입(생수),51600,c07eb8a2a848ff6977c059f55dfb704becf8164f21271042e28aeb3225959d18,table1:R9,,,
c07eb8a2a848ff69-table1-R10,2026-06-30,busan-dongnae,,날마다 대박나는집,동래구 통합지원협의체 산하 실무협의체 오찬간담회 개최,143000,c07eb8a2a848ff6977c059f55dfb704becf8164f21271042e28aeb3225959d18,table1:R10,,,
c31b3e8bfd5472d1-table1-R3,2026-04-23,busan-dongnae,,쿠팡,부서운영 물품구입(커피 및 차류),168700,c31b3e8bfd5472d1e04754c3c152d97e7b517e39a12595d843a6f8cc4609b3e4,table1:R3,,,
a490003a671a673c-table1-R3,2026-05-08,busan-dongnae,,쿠팡(주),감사조사실 운영 및 상급기관 감사 수감대비 다과류 구입,157360,a490003a671a673cb07c9b555b1e9325d8767cc5ecef1c79039095dcde2396be,table1:R3,,,
a490003a671a673c-table1-R4,2026-05-14,busan-dongnae,,㈜새손,2026년 4월 청렴식권 사용대금 지급,55000,a490003a671a673cb07c9b555b1e9325d8767cc5ecef1c79039095dcde2396be,table1:R4,,,
a490003a671a673c-table1-R5,2026-05-22,busan-dongnae,,탑프라자마트,위원회 운영 다과류 구입,103900,a490003a671a673cb07c9b555b1e9325d8767cc5ecef1c79039095dcde2396be,table1:R5,,,
a490003a671a673c-table1-R6,2026-06-08,busan-dongnae,,징기스 동래점,구정 기획 강화를 위한 간담회 개최,400000,a490003a671a673cb07c9b555b1e9325d8767cc5ecef1c79039095dcde2396be,table1:R6,,,
a490003a671a673c-table1-R7,2026-06-25,busan-dongnae,,㈜새손,2026년 5월 청렴식권 사용대금 지급,11000,a490003a671a673cb07c9b555b1e9325d8767cc5ecef1c79039095dcde2396be,table1:R7,,,
a490003a671a673c-table1-R8,2026-06-25,busan-dongnae,,이니스프리(메가마트점),베트남 후에시 방문 기념품 구입(후에시 국제교류 부서용),69300,a490003a671a673cb07c9b555b1e9325d8767cc5ecef1c79039095dcde2396be,table1:R8,,,
a490003a671a673c-table1-R9,2026-06-25,busan-dongnae,,부산공예협동조합,베트남 후에시 방문 기관 기념품 구입,250000,a490003a671a673cb07c9b555b1e9325d8767cc5ecef1c79039095dcde2396be,table1:R9,,,
a490003a671a673c-table1-R10,2026-06-25,busan-dongnae,,카페051동래구청점,6월 간부회의 다과(음료) 구입,175000,a490003a671a673cb07c9b555b1e9325d8767cc5ecef1c79039095dcde2396be,table1:R10,,,
1fa4f032bdcf49be-table1-R3,2026-04-24,busan-dongnae,,동래삼계탕,차세대 세외수입 정보화사업단과의원활한 업무추진 및 각종 현안 업무협조를 위한 간담회 개최,190000,1fa4f032bdcf49bea18cd07713224a4dddf1597af1293ba0762396b0bfc616c8,table1:R3,,,
f383e18cdb382cef-sheet1-R4,2026-05-15,busan-dongnae,,파티나,직장어린이집 업무 추진 관련 간담회 개최,264000,f383e18cdb382cef4cffff6a1fc4d900baced1cd559c1f18ae8150d30cb599f5,sheet1:R4,,,
f383e18cdb382cef-sheet1-R5,2026-05-16,busan-dongnae,,달리는커피(명륜점),제9회 전국동시지방선거 선거인명부 작성 점검 직원 격려 간식 구입,180000,f383e18cdb382cef4cffff6a1fc4d900baced1cd559c1f18ae8150d30cb599f5,sheet1:R5,,,
90deeef495fbc0b7-sheet1-R4,2026-04-13,busan-dongnae,,쿠팡,내방객 제공 물품 구입,90320,90deeef495fbc0b7295f0b167547c789deef5bf9710f09e79ef04f0618bf617f,sheet1:R4,,,
90deeef495fbc0b7-sheet1-R5,2026-04-24,busan-dongnae,,포항물회,행정동우회 임원관의 간담회 개최,91000,90deeef495fbc0b7295f0b167547c789deef5bf9710f09e79ef04f0618bf617f,sheet1:R5,,,
90deeef495fbc0b7-sheet1-R6,2026-06-02,busan-dongnae,,부산참치상회,간부공무원과의 간담회 개최,150000,90deeef495fbc0b7295f0b167547c789deef5bf9710f09e79ef04f0618bf617f,sheet1:R6,,,
90deeef495fbc0b7-sheet1-R7,2026-06-19,busan-dongnae,,함박골흑염소,금정산국립공원시민추진본부와의 간담회 개최,192000,90deeef495fbc0b7295f0b167547c789deef5bf9710f09e79ef04f0618bf617f,sheet1:R7,,,
f23cbfab2a1e54e2-sheet1-R4,2026-03-16,busan-dongnae,,개인(성명 비공개),부구청장 업무추진비 지급,150000,f23cbfab2a1e54e2289ab582f77793c39bb9b8f3db4d68fd24bb053023f074cc,sheet1:R4,,,
f23cbfab2a1e54e2-sheet1-R5,2026-04-13,busan-dongnae,,영남식육식당,구정시책 추진 관련 업무 간담회 개최,450000,f23cbfab2a1e54e2289ab582f77793c39bb9b8f3db4d68fd24bb053023f074cc,sheet1:R5,,,
f23cbfab2a1e54e2-sheet1-R6,2026-04-14,busan-dongnae,,고불성,비서실 직원 격려 간담회 개최,112000,f23cbfab2a1e54e2289ab582f77793c39bb9b8f3db4d68fd24bb053023f074cc,sheet1:R6,,,
f23cbfab2a1e54e2-sheet1-R7,2026-04-14,busan-dongnae,,원조본가산곰장어,동래구민 청소하는 날 운영 관련 담당공무원 격려 간담회 개최,104000,f23cbfab2a1e54e2289ab582f77793c39bb9b8f3db4d68fd24bb053023f074cc,sheet1:R7,,,
f23cbfab2a1e54e2-sheet1-R8,2026-04-15,busan-dongnae,,동래스시,세무1과 직원 격려 간담회 개최,162000,f23cbfab2a1e54e2289ab582f77793c39bb9b8f3db4d68fd24bb053023f074cc,sheet1:R8,,,
f23cbfab2a1e54e2-sheet1-R9,2026-04-15,busan-dongnae,,루나로사,총무국 간부 공무원 간담회 개최,364950,f23cbfab2a1e54e2289ab582f77793c39bb9b8f3db4d68fd24bb053023f074cc,sheet1:R9,,,
f23cbfab2a1e54e2-sheet1-R10,2026-04-10,busan-dongnae,,개인(성명 비공개),부구청장 업무추진비 지급,100000,f23cbfab2a1e54e2289ab582f77793c39bb9b8f3db4d68fd24bb053023f074cc,sheet1:R10,,,
f23cbfab2a1e54e2-sheet1-R11,2026-04-16,busan-dongnae,,유명진의 육미정담,도시안전과 직원 격려 간담회 개최,450000,f23cbfab2a1e54e2289ab582f77793c39bb9b8f3db4d68fd24bb053023f074cc,sheet1:R11,,,
f23cbfab2a1e54e2-sheet1-R12,2026-04-17,busan-dongnae,,부산참치상회,문화관광과 직원 격려 오찬 간담회 개최,150000,f23cbfab2a1e54e2289ab582f77793c39bb9b8f3db4d68fd24bb053023f074cc,sheet1:R12,,,
f23cbfab2a1e54e2-sheet1-R13,2026-04-20,busan-dongnae,,엄용백돼지구이,하천관리과 직원 격려 간담회 개최,450000,f23cbfab2a1e54e2289ab582f77793c39bb9b8f3db4d68fd24bb053023f074cc,sheet1:R13,,,
f23cbfab2a1e54e2-sheet1-R14,2026-04-21,busan-dongnae,,재진이네 대구뽈구이,자원순환과 직원 격려 오찬 간담회 개최,139000,f23cbfab2a1e54e2289ab582f77793c39bb9b8f3db4d68fd24bb053023f074cc,sheet1:R14,,,
f23cbfab2a1e54e2-sheet1-R15,2026-04-22,busan-dongnae,,정림,장애인 업무 관련 담당공무원 격려 간담회 개최,70000,f23cbfab2a1e54e2289ab582f77793c39bb9b8f3db4d68fd24bb053023f074cc,sheet1:R15,,,
f23cbfab2a1e54e2-sheet1-R16,2026-04-23,busan-dongnae,,동래할매파전,일자리경제과 직원 격려 오찬 간담회 개최,130000,f23cbfab2a1e54e2289ab582f77793c39bb9b8f3db4d68fd24bb053023f074cc,sheet1:R16,,,
f23cbfab2a1e54e2-sheet1-R17,2026-04-23,busan-dongnae,,아우성,건설과 직원 격려 간담회 개최,450000,f23cbfab2a1e54e2289ab582f77793c39bb9b8f3db4d68fd24bb053023f074cc,sheet1:R17,,,
f23cbfab2a1e54e2-sheet1-R18,2026-04-24,busan-dongnae,,동래삼계탕,교통과 직원 격려 간담회 개최,133000,f23cbfab2a1e54e2289ab582f77793c39bb9b8f3db4d68fd24bb053023f074cc,sheet1:R18,,,
f23cbfab2a1e54e2-sheet1-R19,2026-04-27,busan-dongnae,,바다밥상,녹지공원과 직원 격려 오찬 간담회 개최,80000,f23cbfab2a1e54e2289ab582f77793c39bb9b8f3db4d68fd24bb053023f074cc,sheet1:R19,,,
f23cbfab2a1e54e2-sheet1-R20,2026-04-27,busan-dongnae,,개인(성명 비공개),부구청장 업무추진비 지급,200000,f23cbfab2a1e54e2289ab582f77793c39bb9b8f3db4d68fd24bb053023f074cc,sheet1:R20,,,
f23cbfab2a1e54e2-sheet1-R21,2026-04-27,busan-dongnae,,금수복국,구정 시책 추진관련 업무 간담회 개최,450000,f23cbfab2a1e54e2289ab582f77793c39bb9b8f3db4d68fd24bb053023f074cc,sheet1:R21,,,
f23cbfab2a1e54e2-sheet1-R22,2026-04-30,busan-dongnae,,오색연,구정 시책 추진관련 업무 간담회 개최,40000,f23cbfab2a1e54e2289ab582f77793c39bb9b8f3db4d68fd24bb053023f074cc,sheet1:R22,,,
f23cbfab2a1e54e2-sheet1-R23,2026-05-04,busan-dongnae,,개인(성명 비공개),부구청장 업무추진비 지급,100000,f23cbfab2a1e54e2289ab582f77793c39bb9b8f3db4d68fd24bb053023f074cc,sheet1:R23,,,
f23cbfab2a1e54e2-sheet1-R24,2026-05-06,busan-dongnae,,영남식육식당,간무공무원 간담회 개최,450000,f23cbfab2a1e54e2289ab582f77793c39bb9b8f3db4d68fd24bb053023f074cc,sheet1:R24,,,
f23cbfab2a1e54e2-sheet1-R25,2026-05-07,busan-dongnae,,영남식육식당,구정 시책 추진관련 업무 간담회 개최,450000,f23cbfab2a1e54e2289ab582f77793c39bb9b8f3db4d68fd24bb053023f074cc,sheet1:R25,,,
f23cbfab2a1e54e2-sheet1-R26,2026-05-10,busan-dongnae,,김유신 대구뽈찜,청렴문화 확산 및 소통 강화를 위한 간담회 개최,335000,f23cbfab2a1e54e2289ab582f77793c39bb9b8f3db4d68fd24bb053023f074cc,sheet1:R26,,,
f23cbfab2a1e54e2-sheet1-R27,2026-05-11,busan-dongnae,,쿠루미과자점,현안업무 추진관련 다과 구입,96000,f23cbfab2a1e54e2289ab582f77793c39bb9b8f3db4d68fd24bb053023f074cc,sheet1:R27,,,
f23cbfab2a1e54e2-sheet1-R28,2026-05-12,busan-dongnae,,만세곱창,현안업무 추진을 위한 간담회 개최,333100,f23cbfab2a1e54e2289ab582f77793c39bb9b8f3db4d68fd24bb053023f074cc,sheet1:R28,,,
f23cbfab2a1e54e2-sheet1-R29,2026-05-13,busan-dongnae,,개인(성명 비공개),부구청장 업무추진비 지급,50000,f23cbfab2a1e54e2289ab582f77793c39bb9b8f3db4d68fd24bb053023f074cc,sheet1:R29,,,
f23cbfab2a1e54e2-sheet1-R30,2026-05-18,busan-dongnae,,곰보식당,노인생활체육 활성화 관련 간담회 및 차담회 개최,120000,f23cbfab2a1e54e2289ab582f77793c39bb9b8f3db4d68fd24bb053023f074cc,sheet1:R30,,,
f23cbfab2a1e54e2-sheet1-R31,2026-05-18,busan-dongnae,,곰보네윗마당,노인생활체육 활성화 관련 간담회 및 차담회 개최,14300,f23cbfab2a1e54e2289ab582f77793c39bb9b8f3db4d68fd24bb053023f074cc,sheet1:R31,,,
f23cbfab2a1e54e2-sheet1-R32,2026-05-19,busan-dongnae,,통나무하우스한정식,구청시책추진 관련 업무 간담회 개최,100000,f23cbfab2a1e54e2289ab582f77793c39bb9b8f3db4d68fd24bb053023f074cc,sheet1:R32,,,
f23cbfab2a1e54e2-sheet1-R33,2026-05-19,busan-dongnae,,할리스커피,구청시책추진 관련 업무 간담회 개최,18000,f23cbfab2a1e54e2289ab582f77793c39bb9b8f3db4d68fd24bb053023f074cc,sheet1:R33,,,
f23cbfab2a1e54e2-sheet1-R34,2026-05-21,busan-dongnae,,보광유황오리,보건소 직원 격려 간담회 개최,370000,f23cbfab2a1e54e2289ab582f77793c39bb9b8f3db4d68fd24bb053023f074cc,sheet1:R34,,,
f23cbfab2a1e54e2-sheet1-R35,2026-05-22,busan-dongnae,,개인(성명 비공개),부구청장 업무추진비 지급,50000,f23cbfab2a1e54e2289ab582f77793c39bb9b8f3db4d68fd24bb053023f074cc,sheet1:R35,,,
f23cbfab2a1e54e2-sheet1-R36,2026-05-22,busan-dongnae,,수림횟집,구청시책추진 관련 업무 간담회 개최,490000,f23cbfab2a1e54e2289ab582f77793c39bb9b8f3db4d68fd24bb053023f074cc,sheet1:R36,,,
f23cbfab2a1e54e2-sheet1-R37,2026-05-26,busan-dongnae,,징기스,기획감사실 직원 격려 간담회 개최,300000,f23cbfab2a1e54e2289ab582f77793c39bb9b8f3db4d68fd24bb053023f074cc,sheet1:R37,,,
f23cbfab2a1e54e2-sheet1-R38,2026-05-28,busan-dongnae,,금수복국,청년정책 추진 관련 직원 간담회 개최,450000,f23cbfab2a1e54e2289ab582f77793c39bb9b8f3db4d68fd24bb053023f074cc,sheet1:R38,,,
f23cbfab2a1e54e2-sheet1-R39,2026-06-01,busan-dongnae,,월하주방,안전도시국 간부 직원 격려 간담회 개최,203000,f23cbfab2a1e54e2289ab582f77793c39bb9b8f3db4d68fd24bb053023f074cc,sheet1:R39,,,
f23cbfab2a1e54e2-sheet1-R40,2026-06-04,busan-dongnae,,배종관동래삼계탕,간부공무원 간담회 개최,228000,f23cbfab2a1e54e2289ab582f77793c39bb9b8f3db4d68fd24bb053023f074cc,sheet1:R40,,,
f23cbfab2a1e54e2-sheet1-R41,2026-06-05,busan-dongnae,,부자회관,통합돌봄정책 추진 직원 격려 간담회 개최,450000,f23cbfab2a1e54e2289ab582f77793c39bb9b8f3db4d68fd24bb053023f074cc,sheet1:R41,,,
f23cbfab2a1e54e2-sheet1-R42,2026-06-08,busan-dongnae,,거창한우,지방세체납관리업무 담당공무원 격려 간담회 개최,164000,f23cbfab2a1e54e2289ab582f77793c39bb9b8f3db4d68fd24bb053023f074cc,sheet1:R42,,,
f23cbfab2a1e54e2-sheet1-R43,2026-06-10,busan-dongnae,,징기스 하나비,지적재조사사업 추진 관련 직원 간담회 개최,193000,f23cbfab2a1e54e2289ab582f77793c39bb9b8f3db4d68fd24bb053023f074cc,sheet1:R43,,,
f23cbfab2a1e54e2-sheet1-R44,2026-06-11,busan-dongnae,,키치마루,제9회 전국동시지방선거 업무 추진 직원 격려 간담회 개최,169800,f23cbfab2a1e54e2289ab582f77793c39bb9b8f3db4d68fd24bb053023f074cc,sheet1:R44,,,
f23cbfab2a1e54e2-sheet1-R45,2026-06-12,busan-dongnae,,개인(성명 비공개),부구청장 업무추진비 지급,100000,f23cbfab2a1e54e2289ab582f77793c39bb9b8f3db4d68fd24bb053023f074cc,sheet1:R45,,,
f23cbfab2a1e54e2-sheet1-R46,2026-06-12,busan-dongnae,,부자회관,구청시책추진 관련 업무 간담회 개최,450000,f23cbfab2a1e54e2289ab582f77793c39bb9b8f3db4d68fd24bb053023f074cc,sheet1:R46,,,
f23cbfab2a1e54e2-sheet1-R47,2026-06-15,busan-dongnae,,개인(성명 비공개),부구청장 업무추진비 지급,100000,f23cbfab2a1e54e2289ab582f77793c39bb9b8f3db4d68fd24bb053023f074cc,sheet1:R47,,,
f23cbfab2a1e54e2-sheet1-R48,2026-06-15,busan-dongnae,,고래세상,구청시책추진 관련 업무 간담회 개최,410000,f23cbfab2a1e54e2289ab582f77793c39bb9b8f3db4d68fd24bb053023f074cc,sheet1:R48,,,
f23cbfab2a1e54e2-sheet1-R49,2026-06-16,busan-dongnae,,영남식육식당,체육정책 추진 담당공무원 격려 간담회 개최,450000,f23cbfab2a1e54e2289ab582f77793c39bb9b8f3db4d68fd24bb053023f074cc,sheet1:R49,,,
f23cbfab2a1e54e2-sheet1-R50,2026-06-17,busan-dongnae,,동래할매파전,민선9기 주요 정책과제 논의 간담회 개최,394000,f23cbfab2a1e54e2289ab582f77793c39bb9b8f3db4d68fd24bb053023f074cc,sheet1:R50,,,
f23cbfab2a1e54e2-sheet1-R51,2026-06-17,busan-dongnae,,부자회관,보훈정책 추진 담당공무원 격려 간담회 개최,450000,f23cbfab2a1e54e2289ab582f77793c39bb9b8f3db4d68fd24bb053023f074cc,sheet1:R51,,,
f23cbfab2a1e54e2-sheet1-R52,2026-06-19,busan-dongnae,,부산참치상회,동래아카데미 운영 관련 공무원 격려 간담회 개최,90000,f23cbfab2a1e54e2289ab582f77793c39bb9b8f3db4d68fd24bb053023f074cc,sheet1:R52,,,
f23cbfab2a1e54e2-sheet1-R53,2026-06-22,busan-dongnae,,징기스 하나비,아동학대예방 관련 전문가 간담회 개최,159000,f23cbfab2a1e54e2289ab582f77793c39bb9b8f3db4d68fd24bb053023f074cc,sheet1:R53,,,
f23cbfab2a1e54e2-sheet1-R54,2026-06-23,busan-dongnae,,금문,구청시책추진 관련 업무 간담회 개최,369000,f23cbfab2a1e54e2289ab582f77793c39bb9b8f3db4d68fd24bb053023f074cc,sheet1:R54,,,
f23cbfab2a1e54e2-sheet1-R55,2026-06-26,busan-dongnae,,박해윤통영해물밥상,국가하천 구간 업무협의를 위한 간담회 및 차담회 개최,250000,f23cbfab2a1e54e2289ab582f77793c39bb9b8f3db4d68fd24bb053023f074cc,sheet1:R55,,,
f23cbfab2a1e54e2-sheet1-R56,2026-06-26,busan-dongnae,,동피랑,국가하천 구간 업무협의를 위한 간담회 및 차담회 개최,37200,f23cbfab2a1e54e2289ab582f77793c39bb9b8f3db4d68fd24bb053023f074cc,sheet1:R56,,,
f23cbfab2a1e54e2-sheet1-R57,2026-06-26,busan-dongnae,,노선,구정시책 추진 관련 업무 간담회 개최,111000,f23cbfab2a1e54e2289ab582f77793c39bb9b8f3db4d68fd24bb053023f074cc,sheet1:R57,,,
f23cbfab2a1e54e2-sheet1-R58,2026-06-29,busan-dongnae,,부자회관,주차환경 개선 업무 관련 공무원 격려 간담회 개최,450000,f23cbfab2a1e54e2289ab582f77793c39bb9b8f3db4d68fd24bb053023f074cc,sheet1:R58,,,
a22a8ac1302fd9fc-table1-R3,2026-04-23,busan-dongnae,,블루샥(명륜점),자활사업 업무추진담당자 간담회 개최,240000,a22a8ac1302fd9fc960f8146550d7265457e9d2acd6deba526fb1aed7c218b74,table1:R3,,,
a22a8ac1302fd9fc-table1-R4,2026-04-30,busan-dongnae,,쿠팡,부서운영을 위한다과류 구입,156510,a22a8ac1302fd9fc960f8146550d7265457e9d2acd6deba526fb1aed7c218b74,table1:R4,,,
a22a8ac1302fd9fc-table1-R5,2026-06-11,busan-dongnae,,쿠팡,부서운영을 위한다과류 구입,96110,a22a8ac1302fd9fc960f8146550d7265457e9d2acd6deba526fb1aed7c218b74,table1:R5,,,
a22a8ac1302fd9fc-table1-R6,2026-06-18,busan-dongnae,,동래할매파전,직원 격려 간담회 개최,1280000,a22a8ac1302fd9fc960f8146550d7265457e9d2acd6deba526fb1aed7c218b74,table1:R6,,,
ab0ce0624b6a686d-table1-R3,2026-04-15,busan-dongnae,,-,보건소장 업무추진비 지급,50000,ab0ce0624b6a686dd54b2015c003e9b01708959b3686a81a0223051477c31109,table1:R3,,,
ab0ce0624b6a686d-table1-R4,2026-04-30,busan-dongnae,,쿠팡(주),"부서 운영물품(커피, 차) 구입",90490,ab0ce0624b6a686dd54b2015c003e9b01708959b3686a81a0223051477c31109,table1:R4,,,
ab0ce0624b6a686d-table1-R5,2026-05-13,busan-dongnae,,안디아모,구 소속 건강업무 담당자 업무공유 간담회 오찬 비용 지급,268500,ab0ce0624b6a686dd54b2015c003e9b01708959b3686a81a0223051477c31109,table1:R5,,,
ab0ce0624b6a686d-table1-R6,2026-06-02,busan-dongnae,,동래 호밀호두,제7회 동래구민 헌혈의 날 기념식 다과 구입,340000,ab0ce0624b6a686dd54b2015c003e9b01708959b3686a81a0223051477c31109,table1:R6,,,
ab0ce0624b6a686d-table1-R7,2026-06-24,busan-dongnae,,프루쉬 부산대점,2026년 2분기 부산광역시동래구 의료협의체 회의 다과 구입,93000,ab0ce0624b6a686dd54b2015c003e9b01708959b3686a81a0223051477c31109,table1:R7,,,
a5e6e8937687fee9-table1-R3,2026-05-07,busan-dongnae,,동래스시,동래문화회관 상주단체와의 업무 간담회 개최,278600,a5e6e8937687fee956b729983bd7c333fb9e7263d4633999132d6307ed52b7d0,table1:R3,,,
44b076891993cb2e-table1-R3,2026-03-26,busan-dongnae,,남해설천횟집,지역사회보장협의체 업무협의 간담회 개최,161000,44b076891993cb2e74dd8437f2388236e147bfccf9bd5e198fc998bb79f8676a,table1:R3,,,
44b076891993cb2e-table1-R4,2026-05-19,busan-dongnae,,쿠팡(주),내방객 제공 음료 구입,126090,44b076891993cb2e74dd8437f2388236e147bfccf9bd5e198fc998bb79f8676a,table1:R4,,,
44b076891993cb2e-table1-R5,2026-06-19,busan-dongnae,,길성식당,봄미소봉사단 격려 간담회 개최,206000,44b076891993cb2e74dd8437f2388236e147bfccf9bd5e198fc998bb79f8676a,table1:R5,,,
f792e3b92479d74a-sheet1-R5,2026-04-14,busan-dongnae,,㈜쿠팡,부서운영 물품구입(커피 등),34290,f792e3b92479d74a15755c16598687c79e6b03ea30d0dd63520c16e28b1d35e2,sheet1:R5,,,
f792e3b92479d74a-sheet1-R6,2026-04-28,busan-dongnae,,㈜메가마트 동래점,부서운영 물품구입(다과),74720,f792e3b92479d74a15755c16598687c79e6b03ea30d0dd63520c16e28b1d35e2,sheet1:R6,,,
f792e3b92479d74a-sheet1-R7,2026-05-07,busan-dongnae,,꽃돼지 식당,도시재생업무 추진을 위한 간담회 실시,96720,f792e3b92479d74a15755c16598687c79e6b03ea30d0dd63520c16e28b1d35e2,sheet1:R7,,,
f792e3b92479d74a-sheet1-R8,2026-05-18,busan-dongnae,,㈜쿠팡,부서운영 물품구입(커피 등),29870,f792e3b92479d74a15755c16598687c79e6b03ea30d0dd63520c16e28b1d35e2,sheet1:R8,,,
f792e3b92479d74a-sheet1-R9,2026-05-26,busan-dongnae,,㈜메가마트 동래점,부서운영 물품구입(다과),96380,f792e3b92479d74a15755c16598687c79e6b03ea30d0dd63520c16e28b1d35e2,sheet1:R9,,,
f792e3b92479d74a-sheet1-R10,2026-06-15,busan-dongnae,,㈜메가마트 동래점,중점관리대상자원 확인의 날 행사 다과 구입,51060,f792e3b92479d74a15755c16598687c79e6b03ea30d0dd63520c16e28b1d35e2,sheet1:R10,,,
f792e3b92479d74a-sheet1-R11,2026-06-25,busan-dongnae,,㈜메가마트 동래점,부서운영 물품구입(다과 등),121590,f792e3b92479d74a15755c16598687c79e6b03ea30d0dd63520c16e28b1d35e2,sheet1:R11,,,
f792e3b92479d74a-sheet1-R12,2026-06-25,busan-dongnae,,피엠케이크,직원 격려 간식 구입,68000,f792e3b92479d74a15755c16598687c79e6b03ea30d0dd63520c16e28b1d35e2,sheet1:R12,,,
f792e3b92479d74a-sheet1-R13,2026-06-26,busan-dongnae,,동래밀면,옥외광고 업무 추진 관계자 간담회 개최,56000,f792e3b92479d74a15755c16598687c79e6b03ea30d0dd63520c16e28b1d35e2,sheet1:R13,,,
bdb1273fbb49b683-table1-R3,2026-05-11,busan-dongnae,,맛찬들왕소금구이동래점,현안업무 추진 노고 격려 간담회 개최,356500,bdb1273fbb49b6836ee460cc88122b53affc349ba0e90e0f3aaa6baf6ad3b3e4,table1:R3,,,
bdb1273fbb49b683-table1-R4,2026-05-28,busan-dongnae,,제일향어횟집,현안업무 추진 노고 격려 간담회 개최,375000,bdb1273fbb49b6836ee460cc88122b53affc349ba0e90e0f3aaa6baf6ad3b3e4,table1:R4,,,
77f839a4c8bd5906-table1-R3,2026-05-19,busan-dongnae,,주식회사아성다이소,제6회 동래구 우하박문하문학상 1차 운영위원회 다과 구입,15000,77f839a4c8bd59066659e0fc92ce999361ec8bc7afebadde7b141e237fbeb0c7,table1:R3,,,
77f839a4c8bd5906-table1-R4,2026-06-15,busan-dongnae,,예원한정식,동래구 문화관광해설사회 임원 간담회 개최,250000,77f839a4c8bd59066659e0fc92ce999361ec8bc7afebadde7b141e237fbeb0c7,table1:R4,,,
0a3682a622bac7be-table1-R3,2026-04-28,busan-dongnae,,탑할인마트,내방객 제공 차류 구입,285000,0a3682a622bac7be6a4a1e49aed6d1b081d40be2bfc878d4083ef3ffa0020247,table1:R3,,,
0a3682a622bac7be-table1-R4,2026-05-27,busan-dongnae,,동래이층,직원 격려 간담회 개최,443000,0a3682a622bac7be6a4a1e49aed6d1b081d40be2bfc878d4083ef3ffa0020247,table1:R4,,,
0a3682a622bac7be-table1-R5,2026-06-05,busan-dongnae,,동래스시,고유가 피해지원금 업무 추진 격려 간담회 개최,100000,0a3682a622bac7be6a4a1e49aed6d1b081d40be2bfc878d4083ef3ffa0020247,table1:R5,,,
0a3682a622bac7be-table1-R6,2026-06-10,busan-dongnae,,옥샘,복산동 단체장 간담회 개최,143000,0a3682a622bac7be6a4a1e49aed6d1b081d40be2bfc878d4083ef3ffa0020247,table1:R6,,,
0a3682a622bac7be-table1-R7,2026-06-16,busan-dongnae,,페이스토리,복산동 지역사회보장협의체 간담회 개최,100000,0a3682a622bac7be6a4a1e49aed6d1b081d40be2bfc878d4083ef3ffa0020247,table1:R7,,,
0a3682a622bac7be-table1-R8,2026-06-24,busan-dongnae,,영커피 장빙수 복천점,복산동 적십자봉사회 노고 격려 간담회 개최,90000,0a3682a622bac7be6a4a1e49aed6d1b081d40be2bfc878d4083ef3ffa0020247,table1:R8,,,
0a3682a622bac7be-table1-R9,2026-06-25,busan-dongnae,,동래삼계탕,통장협의회 임원진 간담회 개최,266000,0a3682a622bac7be6a4a1e49aed6d1b081d40be2bfc878d4083ef3ffa0020247,table1:R9,,,
055cb36e3fa8bc4f-table1-R3,2026-04-23,busan-dongnae,,쿠팡,내방객 제공 다과류 구입,85070,055cb36e3fa8bc4fde3b31dba8d6e352b7ea5a44c981ca1594b1ece2aacfef52,table1:R3,,,
055cb36e3fa8bc4f-table1-R4,2026-04-30,busan-dongnae,,쿠팡,내방객 제공 음료 구입,140690,055cb36e3fa8bc4fde3b31dba8d6e352b7ea5a44c981ca1594b1ece2aacfef52,table1:R4,,,
055cb36e3fa8bc4f-table1-R5,2026-05-21,busan-dongnae,,-,업무추진비 지급,50000,055cb36e3fa8bc4fde3b31dba8d6e352b7ea5a44c981ca1594b1ece2aacfef52,table1:R5,,,
055cb36e3fa8bc4f-table1-R6,2026-06-18,busan-dongnae,,달리는커피 (명륜점),자생단체 격려 간담회 개최 (방위협의회),150000,055cb36e3fa8bc4fde3b31dba8d6e352b7ea5a44c981ca1594b1ece2aacfef52,table1:R6,,,
055cb36e3fa8bc4f-table1-R7,2026-06-23,busan-dongnae,,정림,동 지역회의 운영 단체장 간담회 개최,330000,055cb36e3fa8bc4fde3b31dba8d6e352b7ea5a44c981ca1594b1ece2aacfef52,table1:R7,,,
055cb36e3fa8bc4f-table1-R8,2026-06-25,busan-dongnae,,-,업무추진비 지급,50000,055cb36e3fa8bc4fde3b31dba8d6e352b7ea5a44c981ca1594b1ece2aacfef52,table1:R8,,,
055cb36e3fa8bc4f-table1-R9,2026-06-25,busan-dongnae,,석이추어탕,자생단체 격려 간담회 개최 (통장협의회),400000,055cb36e3fa8bc4fde3b31dba8d6e352b7ea5a44c981ca1594b1ece2aacfef52,table1:R9,,,
1d66fbd833c81d4e-table1-R3,2026-04-26,busan-dongnae,,-,유관단체 경조사비 지급,50000,1d66fbd833c81d4ee985fabcfdd69a5466de8c1abc02f93bf5dbf7ccae3f93db,table1:R3,,,
1d66fbd833c81d4e-table1-R4,2026-05-04,busan-dongnae,,탑마트 사직점,내방객 제공 다과 구입,19780,1d66fbd833c81d4ee985fabcfdd69a5466de8c1abc02f93bf5dbf7ccae3f93db,table1:R4,,,
1d66fbd833c81d4e-table1-R5,2026-05-11,busan-dongnae,,"송담추어탕 사직점, 커피보떼 사직점",「2026년 가정의 달」 기념 유공자 격려 간담회,132150,1d66fbd833c81d4ee985fabcfdd69a5466de8c1abc02f93bf5dbf7ccae3f93db,table1:R5,,,
1d66fbd833c81d4e-table1-R6,2026-05-13,busan-dongnae,,"히스피커피,사직쌍용예가점",전국소년체전 대비 도시환경정비 등 통장 노고 격려,65100,1d66fbd833c81d4ee985fabcfdd69a5466de8c1abc02f93bf5dbf7ccae3f93db,table1:R6,,,
1d66fbd833c81d4e-table1-R7,2026-06-11,busan-dongnae,,남자초밥,통장 공개모집 면접심사 관련 간담회 개최,90000,1d66fbd833c81d4ee985fabcfdd69a5466de8c1abc02f93bf5dbf7ccae3f93db,table1:R7,,,
1d66fbd833c81d4e-table1-R8,2026-06-17,busan-dongnae,,금정떡방앗간,새마을부녀회 효사랑 식사 나눔행사 추진 격려 떡 구입,54000,1d66fbd833c81d4ee985fabcfdd69a5466de8c1abc02f93bf5dbf7ccae3f93db,table1:R8,,,
1d66fbd833c81d4e-table1-R9,2026-06-20,busan-dongnae,,-,유관단체 경조사비 지급,50000,1d66fbd833c81d4ee985fabcfdd69a5466de8c1abc02f93bf5dbf7ccae3f93db,table1:R9,,,
1d66fbd833c81d4e-table1-R10,2026-06-23,busan-dongnae,,삼천포횟집,업무 협의를 위한 사직권역 간담회 개최,200000,1d66fbd833c81d4ee985fabcfdd69a5466de8c1abc02f93bf5dbf7ccae3f93db,table1:R10,,,
404f026561ec6dfe-table1-R2,2026-04-01,busan-dongnae,,하나로마트동래농협본점,도시공원관리 현업근로자 격려를 위한 간식 구입,92330,404f026561ec6dfe0c6ac06fa028a80180680ccb57b20de8f4081627197a92ee,table1:R2,,,
404f026561ec6dfe-table1-R3,2026-06-09,busan-dongnae,,하나로마트동래농협본점,도시공원관리 현업근로자 격려를 위한 간식 구입,46300,404f026561ec6dfe0c6ac06fa028a80180680ccb57b20de8f4081627197a92ee,table1:R3,,,
404f026561ec6dfe-table1-R4,2026-06-16,busan-dongnae,,동래고려삼계탕 본점,동래읍성 북문 맨발길 영상 제작 관계자 오찬 간담회,144000,404f026561ec6dfe0c6ac06fa028a80180680ccb57b20de8f4081627197a92ee,table1:R4,,,
404f026561ec6dfe-table1-R5,2026-06-16,busan-dongnae,,스트리오브라망 동래구청점,동래읍성 북문 맨발길 영상 제작 관계자 오찬 간담회,144000,404f026561ec6dfe0c6ac06fa028a80180680ccb57b20de8f4081627197a92ee,table1:R5,,,
404f026561ec6dfe-table1-R6,2026-06-19,busan-dongnae,,파리쟝,황톳길 조성지 답사 관련 간식 구입,27600,404f026561ec6dfe0c6ac06fa028a80180680ccb57b20de8f4081627197a92ee,table1:R6,,,
404f026561ec6dfe-table1-R7,2026-06-25,busan-dongnae,,동래농업협동조합,녹지관리 현업근로자 격려를 위한 여름철 간식 구입,39000,404f026561ec6dfe0c6ac06fa028a80180680ccb57b20de8f4081627197a92ee,table1:R7,,,
b0419ce21c0385a3-table1-R3,2026-04-28,busan-dongnae,,샤브애작,현안 업무 추진 직원 격려 간담회(선결제),635800,b0419ce21c0385a3ce4a51382c37b0df04e1eae9d74c80c554ab7783cb665efe,table1:R3,,,
b0419ce21c0385a3-table1-R4,2026-06-04,busan-dongnae,,소담한우촌,고유가 피해지원금 업무 추진 노고 격려 간담회 개최,135000,b0419ce21c0385a3ce4a51382c37b0df04e1eae9d74c80c554ab7783cb665efe,table1:R4,,,
b0419ce21c0385a3-table1-R5,2026-06-15,busan-dongnae,,구자윤과자점 온천점,온천제1통장 공개모집에 따른 면접용 다과 구입,52000,b0419ce21c0385a3ce4a51382c37b0df04e1eae9d74c80c554ab7783cb665efe,table1:R5,,,
b0419ce21c0385a3-table1-R6,2026-06-15,busan-dongnae,,해시커피,온천제1통장 공개모집에 따른 면접용 다과 구입,6100,b0419ce21c0385a3ce4a51382c37b0df04e1eae9d74c80c554ab7783cb665efe,table1:R6,,,
9efa02324c7a24c5-table1-R3,2026-04-29,busan-dongnae,,도미노피자동래점,직원 격려 간담회 개최,381200,9efa02324c7a24c5d2d5d6cfa77fb89386c028395d008e042641798ee4eaf696,table1:R3,,,
9efa02324c7a24c5-table1-R4,2026-06-11,busan-dongnae,,자연산가덕횟집,2026년 상반기 통장 공개모집 면접위원 간담회 개최,100000,9efa02324c7a24c5d2d5d6cfa77fb89386c028395d008e042641798ee4eaf696,table1:R4,,,
9efa02324c7a24c5-table1-R5,2026-06-15,busan-dongnae,,쿠팡(주),내방객 제공 음료 구입,65480,9efa02324c7a24c5d2d5d6cfa77fb89386c028395d008e042641798ee4eaf696,table1:R5,,,
6c6aaf5b2aedc8d9-table1-R3,2026-04-09,busan-dongnae,,쿠팡,부서운영을 위한 차류 등 구입,80920,6c6aaf5b2aedc8d999e4143c9a81084c6da48c1d0e6231e3ac63fa9664422c55,table1:R3,,,
6c6aaf5b2aedc8d9-table1-R4,2026-05-11,busan-dongnae,,쿠팡,부서운영을 위한 물품 구입(다과 등),77690,6c6aaf5b2aedc8d999e4143c9a81084c6da48c1d0e6231e3ac63fa9664422c55,table1:R4,,,
6c6aaf5b2aedc8d9-table1-R5,2026-06-05,busan-dongnae,,영남식육식당,그린리모델링 관계자 격려 및 공공건축물 업무 발전방안 모색 간담회 개최,480000,6c6aaf5b2aedc8d999e4143c9a81084c6da48c1d0e6231e3ac63fa9664422c55,table1:R5,,,
6c6aaf5b2aedc8d9-table1-R6,2026-06-08,busan-dongnae,,쿠팡,부서운영을 위한 물품 구입(컵라면 등),67330,6c6aaf5b2aedc8d999e4143c9a81084c6da48c1d0e6231e3ac63fa9664422c55,table1:R6,,,
6c6aaf5b2aedc8d9-table1-R7,2026-06-30,busan-dongnae,,메가마트,부서운영을 위한 물품 구입(부직포 가방 등),3000,6c6aaf5b2aedc8d999e4143c9a81084c6da48c1d0e6231e3ac63fa9664422c55,table1:R7,,,
6c6aaf5b2aedc8d9-table1-R8,2026-06-30,busan-dongnae,,쿠팡,부서운영을 위한 물품 구입(컵라면 등),56040,6c6aaf5b2aedc8d999e4143c9a81084c6da48c1d0e6231e3ac63fa9664422c55,table1:R8,,,
6c6aaf5b2aedc8d9-table1-R9,2026-06-30,busan-dongnae,,정명사,동래구 정비사업 현황 지도 제작,165000,6c6aaf5b2aedc8d999e4143c9a81084c6da48c1d0e6231e3ac63fa9664422c55,table1:R9,,,
2d01633a9b43ee89-table1-R3,2026-01-29,busan-dongnae,,브로쓰마카롱,지역경제를 활성화를 위한 업무추진비 선결제,200000,2d01633a9b43ee8921d7db3b26b3a6bf393d2ccfe6acb358e7d284403f8b72b2,table1:R3,,,
2d01633a9b43ee89-table1-R4,2026-01-30,busan-dongnae,,메가마트 동래점,부서운영물품 구입(다과 등),29100,2d01633a9b43ee8921d7db3b26b3a6bf393d2ccfe6acb358e7d284403f8b72b2,table1:R4,,,
2d01633a9b43ee89-table1-R5,2026-02-09,busan-dongnae,,히스피 동래구청점,지역경제를 활성화를 위한 업무추진비 선결제,300000,2d01633a9b43ee8921d7db3b26b3a6bf393d2ccfe6acb358e7d284403f8b72b2,table1:R5,,,
2d01633a9b43ee89-table1-R6,2026-02-09,busan-dongnae,,탑프라자마트,지역경제를 활성화를 위한 업무추진비 선결제,100000,2d01633a9b43ee8921d7db3b26b3a6bf393d2ccfe6acb358e7d284403f8b72b2,table1:R6,,,
2d01633a9b43ee89-table1-R7,2026-02-09,busan-dongnae,,상구네돼지구이동래점,지역경제를 활성화를 위한 업무추진비 선결제,700000,2d01633a9b43ee8921d7db3b26b3a6bf393d2ccfe6acb358e7d284403f8b72b2,table1:R7,,,
2d01633a9b43ee89-table1-R8,2026-02-09,busan-dongnae,,본가산곰장어,지역경제를 활성화를 위한 업무추진비 선결제,450000,2d01633a9b43ee8921d7db3b26b3a6bf393d2ccfe6acb358e7d284403f8b72b2,table1:R8,,,
2d01633a9b43ee89-table1-R9,2026-02-24,busan-dongnae,,유명진의육미정담,「얼쑤!절쑤!해피하우스」주거환경개선사업 추진 격려 간담회,240000,2d01633a9b43ee8921d7db3b26b3a6bf393d2ccfe6acb358e7d284403f8b72b2,table1:R9,,,
2d01633a9b43ee89-table1-R10,2026-02-24,busan-dongnae,,꼬리집,동래구 통합지원협의체산하 실무협의체 간담회,260000,2d01633a9b43ee8921d7db3b26b3a6bf393d2ccfe6acb358e7d284403f8b72b2,table1:R10,,,
2d01633a9b43ee89-table1-R11,2026-02-27,busan-dongnae,,메가마트 동래점,부서운영물품 구입(다과 등),63800,2d01633a9b43ee8921d7db3b26b3a6bf393d2ccfe6acb358e7d284403f8b72b2,table1:R11,,,
2d01633a9b43ee89-table1-R12,2026-03-23,busan-dongnae,,동래농업협동조합,2026년 동래구 통합돌봄 서비스 제공기관 선정 심의위원회 다과 구입,38130,2d01633a9b43ee8921d7db3b26b3a6bf393d2ccfe6acb358e7d284403f8b72b2,table1:R12,,,
2d01633a9b43ee89-table1-R13,2026-03-26,busan-dongnae,,청진동소문난,「얼쑤!절쑤!해피하우스」주거환경개선사업 3월 식대비,244000,2d01633a9b43ee8921d7db3b26b3a6bf393d2ccfe6acb358e7d284403f8b72b2,table1:R13,,,
2d01633a9b43ee89-table1-R14,2026-03-31,busan-dongnae,,메가마트 동래점,부서운영물품 구입(다과 등),70660,2d01633a9b43ee8921d7db3b26b3a6bf393d2ccfe6acb358e7d284403f8b72b2,table1:R14,,,
2545cce1158fc376-table1-R3,2026-01-19,busan-dongnae,,생생마트,내방객 제공 차류 구입,422500,2545cce1158fc376b5817fa3288292c0d2208de45d570010cf77ea83612cda05,table1:R3,,,
2545cce1158fc376-table1-R4,2026-01-20,busan-dongnae,,만객당,2026년 구·동정설명회 내방객 제공 다과 구입,250000,2545cce1158fc376b5817fa3288292c0d2208de45d570010cf77ea83612cda05,table1:R4,,,
2545cce1158fc376-table1-R5,2026-01-22,busan-dongnae,,유황생오리가,적십자봉사회 회원 격려,350000,2545cce1158fc376b5817fa3288292c0d2208de45d570010cf77ea83612cda05,table1:R5,,,
2545cce1158fc376-table1-R6,2026-02-09,busan-dongnae,,㈜부산은행 (온누리상품권),설 명절맞이 직원 격려 계획에 따른 상품권 구입,540000,2545cce1158fc376b5817fa3288292c0d2208de45d570010cf77ea83612cda05,table1:R6,,,
2545cce1158fc376-table1-R7,2026-02-24,busan-dongnae,,유황생오리가,2026년 신년맞이 단체장 및 총무 간담회 개최,480000,2545cce1158fc376b5817fa3288292c0d2208de45d570010cf77ea83612cda05,table1:R7,,,
2545cce1158fc376-table1-R8,2026-03-01,busan-dongnae,,오복가 해물찜,3·1절 기념행사 참여 통장 격려 간담회 개최,338000,2545cce1158fc376b5817fa3288292c0d2208de45d570010cf77ea83612cda05,table1:R8,,,
2545cce1158fc376-table1-R9,2026-03-06,busan-dongnae,,미미참족발,자치단체 업무협조 간담회,350000,2545cce1158fc376b5817fa3288292c0d2208de45d570010cf77ea83612cda05,table1:R9,,,
2545cce1158fc376-table1-R10,2026-03-06,busan-dongnae,,유림가든,자치단체 업무협조 간담회,400000,2545cce1158fc376b5817fa3288292c0d2208de45d570010cf77ea83612cda05,table1:R10,,,
2545cce1158fc376-table1-R11,2026-03-06,busan-dongnae,,유황생오리가,자치단체 업무협조 간담회,400000,2545cce1158fc376b5817fa3288292c0d2208de45d570010cf77ea83612cda05,table1:R11,,,
2545cce1158fc376-table1-R12,2026-03-06,busan-dongnae,,오가네 손칼국수,자치단체 업무협조 간담회,350000,2545cce1158fc376b5817fa3288292c0d2208de45d570010cf77ea83612cda05,table1:R12,,,
2545cce1158fc376-table1-R13,2026-03-17,busan-dongnae,,황금모래 수라상,공공일자리사업 참여자 격려 및 현장 의견 청취를 위한 간담회 개최,120000,2545cce1158fc376b5817fa3288292c0d2208de45d570010cf77ea83612cda05,table1:R13,,,
2545cce1158fc376-table1-R14,2026-03-18,busan-dongnae,,김우성(in) 차이나,강화군 방문 관련 우리 동 주민자치위원 간담회 개최,216000,2545cce1158fc376b5817fa3288292c0d2208de45d570010cf77ea83612cda05,table1:R14,,,
2545cce1158fc376-table1-R15,2026-03-25,busan-dongnae,,쏘쏘사라다 부산대점,동 종합감사 수감 및 강화군 방문 관련 직원(상근직원) 격려 계획,114000,2545cce1158fc376b5817fa3288292c0d2208de45d570010cf77ea83612cda05,table1:R15,,,
6cfbac93870206b5-table1-R3,2026-01-15,busan-dongnae,,꽃돼지식당,직원 인사이동에 따른 간담회,720000,6cfbac93870206b54f55e75462c4eb439e5d4be3f9a92dfa6777394cde8ad164,table1:R3,,,
6cfbac93870206b5-table1-R4,2026-02-05,busan-dongnae,,예원한정식,가족관계등록업무담당 직원 격려,450000,6cfbac93870206b54f55e75462c4eb439e5d4be3f9a92dfa6777394cde8ad164,table1:R4,,,
6cfbac93870206b5-table1-R5,2026-03-23,busan-dongnae,,스토리오브라망동래구청점,우리부서 친절왕 격려 차담회,90000,6cfbac93870206b54f55e75462c4eb439e5d4be3f9a92dfa6777394cde8ad164,table1:R5,,,
70b08e39c71f98ec-table1-R3,2026-02-05,busan-dongnae,,리바이브,기획공연 출연자 및 공연 관련 스태프 등 격려간식 제공,300000,70b08e39c71f98ecb47d6e68b6e7c34a073473cc63d02b63a142241cc3d6ecd8,table1:R3,,,
433585c3d03366bf-table1-R2,2026-02-04,busan-dongnae,,소피샐러드앤샌드위치,2026년 동래 문화교육특구 페스티벌 관계자 간담회 개최(선결제),200000,433585c3d03366bf295484d861099318397ef85d94b65fd86a038be9823774d6,table1:R2,,,
433585c3d03366bf-table1-R3,2026-02-04,busan-dongnae,,유림가든,독서문화프로그램 관계자 간담회 개최(선결제),150000,433585c3d03366bf295484d861099318397ef85d94b65fd86a038be9823774d6,table1:R3,,,
433585c3d03366bf-table1-R4,2026-02-04,busan-dongnae,,해락,동래구 도서관 운영위원회 위원과의 간담회 개최(선결제),200000,433585c3d03366bf295484d861099318397ef85d94b65fd86a038be9823774d6,table1:R4,,,
433585c3d03366bf-table1-R5,2026-02-04,busan-dongnae,,호밀호두,교복구입비 지원 사업 관련 관내 고등학교 업무협의 시 간식 구입(선결제),200000,433585c3d03366bf295484d861099318397ef85d94b65fd86a038be9823774d6,table1:R5,,,
433585c3d03366bf-table1-R6,2026-02-04,busan-dongnae,,동래고려삼계탕,진로교육지원센터 간담회 개최(선결제),220000,433585c3d03366bf295484d861099318397ef85d94b65fd86a038be9823774d6,table1:R6,,,
3c43537348ec4c43-table1-R3,2026-01-14,busan-dongnae,,쿠팡(주),감사조사실 운영 및 상급기관 감사 수감대비 다과류 구입,96420,3c43537348ec4c4398d0767e1cdafbf07e15804780435beb5e486fd48c132113,table1:R3,,,
3c43537348ec4c43-table1-R4,2026-01-20,busan-dongnae,,(주)메가마트동래점,구민 무료법률상담실 운영 다과 구입,155290,3c43537348ec4c4398d0767e1cdafbf07e15804780435beb5e486fd48c132113,table1:R4,,,
3c43537348ec4c43-table1-R5,2026-01-27,busan-dongnae,,옥샘,2026년 경제총조사 관리요원 간담회 추진(선결제),255000,3c43537348ec4c4398d0767e1cdafbf07e15804780435beb5e486fd48c132113,table1:R5,,,
3c43537348ec4c43-table1-R6,2026-01-29,busan-dongnae,,동래고려삼계탕,시책사업 추진 실무 관계자 격려를 위한 간담회 개최,440000,3c43537348ec4c4398d0767e1cdafbf07e15804780435beb5e486fd48c132113,table1:R6,,,
3c43537348ec4c43-table1-R7,2026-02-02,busan-dongnae,,(주)메가마트동래점,위원회 운영 다과류 구입,88000,3c43537348ec4c4398d0767e1cdafbf07e15804780435beb5e486fd48c132113,table1:R7,,,
3c43537348ec4c43-table1-R8,2026-02-04,busan-dongnae,,㈜부산은행(온누리상품권),온누리상품권 구입(2026 청렴소식지 청렴퀴즈 정답자 지급),240000,3c43537348ec4c4398d0767e1cdafbf07e15804780435beb5e486fd48c132113,table1:R8,,,
3c43537348ec4c43-table1-R9,2026-02-05,busan-dongnae,,웰빙건강수레2호점,업무추진비 선결제(제4기 청렴뚜기‧뚜미 발대식 및 간담회 추진),300000,3c43537348ec4c4398d0767e1cdafbf07e15804780435beb5e486fd48c132113,table1:R9,,,
3c43537348ec4c43-table1-R10,2026-02-09,busan-dongnae,,정림,업무추진비 선결제(예산편성 및 신속집행 추진 간담회),625000,3c43537348ec4c4398d0767e1cdafbf07e15804780435beb5e486fd48c132113,table1:R10,,,
3c43537348ec4c43-table1-R11,2026-02-09,busan-dongnae,,유림가든,업무추진비 선결제 ['2026년 동 종합감사' 동 직원과의 간담회 개최],360000,3c43537348ec4c4398d0767e1cdafbf07e15804780435beb5e486fd48c132113,table1:R11,,,
3c43537348ec4c43-table1-R12,2026-02-09,busan-dongnae,,서가네불백,업무추진비 선결제 ['2026년 동 종합감사' 동 직원과의 간담회 개최],285000,3c43537348ec4c4398d0767e1cdafbf07e15804780435beb5e486fd48c132113,table1:R12,,,
3c43537348ec4c43-table1-R13,2026-02-09,busan-dongnae,,싹다한우식육점,업무추진비 선결제 ['2026년 동 종합감사' 동 직원과의 간담회 개최],390000,3c43537348ec4c4398d0767e1cdafbf07e15804780435beb5e486fd48c132113,table1:R13,,,
3c43537348ec4c43-table1-R14,2026-02-09,busan-dongnae,,원카츠 동래본점,업무추진비 선결제 ['2026년 동 종합감사' 동 직원과의 간담회 개최],285000,3c43537348ec4c4398d0767e1cdafbf07e15804780435beb5e486fd48c132113,table1:R14,,,
3c43537348ec4c43-table1-R15,2026-02-09,busan-dongnae,,석정생삼겹살,업무추진비 선결제 ['2026년 동 종합감사' 동 직원과의 간담회 개최],390000,3c43537348ec4c4398d0767e1cdafbf07e15804780435beb5e486fd48c132113,table1:R15,,,
3c43537348ec4c43-table1-R16,2026-02-09,busan-dongnae,,카페051 동래구청점,2월 간부회의 다과(음료) 구입,238000,3c43537348ec4c4398d0767e1cdafbf07e15804780435beb5e486fd48c132113,table1:R16,,,
3c43537348ec4c43-table1-R17,2026-02-10,busan-dongnae,,빠리쟝 제과점,구민 무료법률상담실 운영 다과 구입,118000,3c43537348ec4c4398d0767e1cdafbf07e15804780435beb5e486fd48c132113,table1:R17,,,
3c43537348ec4c43-table1-R18,2026-02-10,busan-dongnae,,네이버파이낸셜(주),현장 간부회의 방문기관 기념품 구입,74700,3c43537348ec4c4398d0767e1cdafbf07e15804780435beb5e486fd48c132113,table1:R18,,,
3c43537348ec4c43-table1-R19,2026-02-22,busan-dongnae,,부산떡집 떡바라기,현장 간부회의 다과(떡) 구입,30000,3c43537348ec4c4398d0767e1cdafbf07e15804780435beb5e486fd48c132113,table1:R19,,,
3c43537348ec4c43-table1-R20,2026-02-23,busan-dongnae,,석암생소금구이 성수점,현장 간부회의 간담회 개최,568000,3c43537348ec4c4398d0767e1cdafbf07e15804780435beb5e486fd48c132113,table1:R20,,,
3c43537348ec4c43-table1-R21,2026-03-16,busan-dongnae,,쿠팡(주),동래구 6급 실무자 점프 업(JUMP UP!) 워크숍 운영 다과 구입,40360,3c43537348ec4c4398d0767e1cdafbf07e15804780435beb5e486fd48c132113,table1:R21,,,
3c43537348ec4c43-table1-R22,2026-03-18,busan-dongnae,,금정떡방앗간,동래구 6급 실무자 점프 업(JUMP UP!) 워크숍 운영 다과 구입,72000,3c43537348ec4c4398d0767e1cdafbf07e15804780435beb5e486fd48c132113,table1:R22,,,
3c43537348ec4c43-table1-R23,2026-03-26,busan-dongnae,,치치샌드,2026년 제1회 추경예산 편성 교육에 따른 예산담당자 등 격려 간식 구입,450000,3c43537348ec4c4398d0767e1cdafbf07e15804780435beb5e486fd48c132113,table1:R23,,,
3c43537348ec4c43-table1-R24,2026-03-26,busan-dongnae,,쿠팡(주),동래구 6급 실무자 점프 업(JUMP UP!) 워크숍 운영 다과 구입(2기),67430,3c43537348ec4c4398d0767e1cdafbf07e15804780435beb5e486fd48c132113,table1:R24,,,
3c43537348ec4c43-table1-R25,2026-03-26,busan-dongnae,,금정떡방앗간,동래구 6급 실무자 점프 업(JUMP UP!) 워크숍 운영 다과 구입(2기),72000,3c43537348ec4c4398d0767e1cdafbf07e15804780435beb5e486fd48c132113,table1:R25,,,
f8d3d971ae7a9a57-table1-R3,2026-01-07,busan-dongnae,,남해설천횟집,사직3동 단체장 간담회 개최,327000,f8d3d971ae7a9a579a89789e4dddeadeb47666b5e838ac9eec473bc8e673f444,table1:R3,,,
f8d3d971ae7a9a57-table1-R4,2026-01-21,busan-dongnae,,중앙건어물,2026년 구·동정 설명회 방문객 제공 차류 구입,40000,f8d3d971ae7a9a579a89789e4dddeadeb47666b5e838ac9eec473bc8e673f444,table1:R4,,,
f8d3d971ae7a9a57-table1-R5,2026-01-21,busan-dongnae,,주식회사 건우유통,2026년 구·동정 설명회 방문객 제공 차류 구입,14450,f8d3d971ae7a9a579a89789e4dddeadeb47666b5e838ac9eec473bc8e673f444,table1:R5,,,
f8d3d971ae7a9a57-table1-R6,2026-01-21,busan-dongnae,,풍산떡방앗간,동정설명회 방문객 제공 다과 구입,108000,f8d3d971ae7a9a579a89789e4dddeadeb47666b5e838ac9eec473bc8e673f444,table1:R6,,,
f8d3d971ae7a9a57-table1-R7,2026-01-26,busan-dongnae,,두리생아구찜,통장협의회 노고 격려 간담회 개최,440000,f8d3d971ae7a9a579a89789e4dddeadeb47666b5e838ac9eec473bc8e673f444,table1:R7,,,
f8d3d971ae7a9a57-table1-R8,2026-02-02,busan-dongnae,,부산은행,설 명절맞이 직원 격려 상품권 구입,600000,f8d3d971ae7a9a579a89789e4dddeadeb47666b5e838ac9eec473bc8e673f444,table1:R8,,,
f8d3d971ae7a9a57-table1-R9,2026-02-03,busan-dongnae,,더네스트커피,사직권역 업무협의 차담회 개최,48000,f8d3d971ae7a9a579a89789e4dddeadeb47666b5e838ac9eec473bc8e673f444,table1:R9,,,
f8d3d971ae7a9a57-table1-R10,2026-03-01,busan-dongnae,,구조방낙지,통장협의회 노고 격려 간담회 개최,490000,f8d3d971ae7a9a579a89789e4dddeadeb47666b5e838ac9eec473bc8e673f444,table1:R10,,,
f8d3d971ae7a9a57-table1-R11,2026-03-13,busan-dongnae,,오리명가,새마을 부녀회 회원 노고 격려 간담회,188100,f8d3d971ae7a9a579a89789e4dddeadeb47666b5e838ac9eec473bc8e673f444,table1:R11,,,
b604fd99dbb61690-sheet1-R4,2026-01-02,busan-dongnae,,㈜새손,새해맞이 장소 안전관리 참여자 격려 간담회 개최,410000,b604fd99dbb6169029aa6028bb5ac3585162a66ba6f0146bb494458e9ac63deb,sheet1:R4,,,
b604fd99dbb61690-sheet1-R5,2026-03-04,busan-dongnae,,예원한정식,구내식당 운영 상생 간담회 개최,180000,b604fd99dbb6169029aa6028bb5ac3585162a66ba6f0146bb494458e9ac63deb,sheet1:R5,,,
b604fd99dbb61690-sheet1-R6,2026-03-10,busan-dongnae,,주식회사 토아스,2026. 우수 주민자치회 견학 방문 홍보 물품 구입,180000,b604fd99dbb6169029aa6028bb5ac3585162a66ba6f0146bb494458e9ac63deb,sheet1:R6,,,
b604fd99dbb61690-sheet1-R7,2026-03-12,busan-dongnae,,유명진의 육미정담,청년연합회 격려 간담회 개최,400000,b604fd99dbb6169029aa6028bb5ac3585162a66ba6f0146bb494458e9ac63deb,sheet1:R7,,,
b604fd99dbb61690-sheet1-R8,2026-03-19,busan-dongnae,,정림,둥래구 국민운동단체 사무국 직원 격려 간담회 개최,385000,b604fd99dbb6169029aa6028bb5ac3585162a66ba6f0146bb494458e9ac63deb,sheet1:R8,,,
316f07c478752fa4-sheet1-R4,2026-01-05,busan-dongnae,,정림,총무국 간부 공무원 간담회 개최,150000,316f07c478752fa4d4b96a8594ea85fa16593c6699689be6afb24f82087f1c7f,sheet1:R4,,,
316f07c478752fa4-sheet1-R5,2026-01-13,busan-dongnae,,재진이네,세무2과 직원 격려 간담회 개최,126000,316f07c478752fa4d4b96a8594ea85fa16593c6699689be6afb24f82087f1c7f,sheet1:R5,,,
316f07c478752fa4-sheet1-R6,2026-01-14,busan-dongnae,,동래스시,총무과 직원 격려 오찬 간담회 개최,119400,316f07c478752fa4d4b96a8594ea85fa16593c6699689be6afb24f82087f1c7f,sheet1:R6,,,
316f07c478752fa4-sheet1-R7,2026-01-15,busan-dongnae,,금빛코다리 동래점,체육홍보과 직원 격려 오찬 간담회 개최,86000,316f07c478752fa4d4b96a8594ea85fa16593c6699689be6afb24f82087f1c7f,sheet1:R7,,,
316f07c478752fa4-sheet1-R8,2026-01-16,busan-dongnae,,옥샘,재무과 직원 격려 오찬 간담회 개최,65000,316f07c478752fa4d4b96a8594ea85fa16593c6699689be6afb24f82087f1c7f,sheet1:R8,,,
316f07c478752fa4-sheet1-R9,2026-01-26,busan-dongnae,,전주아구찜,세무1과 직원 격려 간담회 개최,89000,316f07c478752fa4d4b96a8594ea85fa16593c6699689be6afb24f82087f1c7f,sheet1:R9,,,
316f07c478752fa4-sheet1-R10,2026-01-27,busan-dongnae,,조방낙지,행정동우회 임원관의 간담회 개최,207000,316f07c478752fa4d4b96a8594ea85fa16593c6699689be6afb24f82087f1c7f,sheet1:R10,,,
316f07c478752fa4-sheet1-R11,2026-02-02,busan-dongnae,,부산참치,비서실 직원 격려 간담회 개최,60000,316f07c478752fa4d4b96a8594ea85fa16593c6699689be6afb24f82087f1c7f,sheet1:R11,,,
316f07c478752fa4-sheet1-R12,2026-02-03,busan-dongnae,,코지하우스,총무국 서무 업무 담당자 간담회 개최,124000,316f07c478752fa4d4b96a8594ea85fa16593c6699689be6afb24f82087f1c7f,sheet1:R12,,,
316f07c478752fa4-sheet1-R13,2026-02-06,busan-dongnae,,히스피,총무국 직원 격려 물품(음료쿠폰)배부,369000,316f07c478752fa4d4b96a8594ea85fa16593c6699689be6afb24f82087f1c7f,sheet1:R13,,,
316f07c478752fa4-sheet1-R14,2026-02-19,busan-dongnae,,밀보스79,구정 시책추진 관련 업무 간담회 개최,180500,316f07c478752fa4d4b96a8594ea85fa16593c6699689be6afb24f82087f1c7f,sheet1:R14,,,
316f07c478752fa4-sheet1-R15,2026-02-23,busan-dongnae,,레인리포트 레인보우,한옥공간 활용 사례 벤치마킹 간담회 개최,242600,316f07c478752fa4d4b96a8594ea85fa16593c6699689be6afb24f82087f1c7f,sheet1:R15,,,
316f07c478752fa4-sheet1-R16,2026-03-25,busan-dongnae,,복천양식당 쿠이,구정 시책추진 관련 업무 간담회 개최,205000,316f07c478752fa4d4b96a8594ea85fa16593c6699689be6afb24f82087f1c7f,sheet1:R16,,,
316f07c478752fa4-sheet1-R17,2026-03-31,busan-dongnae,,밀대장79,비서실 직원 격려 간담회 개최,152200,316f07c478752fa4d4b96a8594ea85fa16593c6699689be6afb24f82087f1c7f,sheet1:R17,,,
c151b3f45a839b59-sheet1-R4,2026-01-05,busan-dongnae,,금강,금정산 국립공원 조성 관련 간담회 개최,336000,c151b3f45a839b59fe92de08d887edc623d44b407a32298398a8c7b024305e74,sheet1:R4,,,
c151b3f45a839b59-sheet1-R5,2026-01-07,busan-dongnae,,개인(성명 비공개),부구청장 업무추진비 지급,100000,c151b3f45a839b59fe92de08d887edc623d44b407a32298398a8c7b024305e74,sheet1:R5,,,
c151b3f45a839b59-sheet1-R6,2026-01-07,busan-dongnae,,대동촌국수,상권 활성화 등 지역경제업무관련 간담회 개최,27500,c151b3f45a839b59fe92de08d887edc623d44b407a32298398a8c7b024305e74,sheet1:R6,,,
c151b3f45a839b59-sheet1-R7,2026-01-13,busan-dongnae,,금수복국,한파·강풍 대응 비상근무자 격려 간담회 개최,132000,c151b3f45a839b59fe92de08d887edc623d44b407a32298398a8c7b024305e74,sheet1:R7,,,
c151b3f45a839b59-sheet1-R8,2026-01-14,busan-dongnae,,사회복지법인 청전웰빙 건강수레2호점,업무협의를 위한 유관기관 방문기념품 구입,70000,c151b3f45a839b59fe92de08d887edc623d44b407a32298398a8c7b024305e74,sheet1:R8,,,
c151b3f45a839b59-sheet1-R9,2026-01-15,busan-dongnae,,카페051 동래구청점,업무협의를 위한 유관기관 방문기념품 구입,82000,c151b3f45a839b59fe92de08d887edc623d44b407a32298398a8c7b024305e74,sheet1:R9,,,
c151b3f45a839b59-sheet1-R10,2026-01-15,busan-dongnae,,떡시루,업무협의를 위한 유관기관 방문기념품 구입,110000,c151b3f45a839b59fe92de08d887edc623d44b407a32298398a8c7b024305e74,sheet1:R10,,,
c151b3f45a839b59-sheet1-R11,2026-01-15,busan-dongnae,,영남식육식당,소나무재선충 방재업무 담당직원 격려 간담회,450000,c151b3f45a839b59fe92de08d887edc623d44b407a32298398a8c7b024305e74,sheet1:R11,,,
c151b3f45a839b59-sheet1-R12,2026-01-16,busan-dongnae,,개인(성명 비공개),부구청장 업무추진비 지급,100000,c151b3f45a839b59fe92de08d887edc623d44b407a32298398a8c7b024305e74,sheet1:R12,,,
c151b3f45a839b59-sheet1-R13,2026-01-19,busan-dongnae,,징기스 하나비,노인일자리사업 추진 관련 간담회 개최,272000,c151b3f45a839b59fe92de08d887edc623d44b407a32298398a8c7b024305e74,sheet1:R13,,,
c151b3f45a839b59-sheet1-R14,2026-01-20,busan-dongnae,,설송원,업무협의를 위한 유관기관 방문 관련 물품 구입,731000,c151b3f45a839b59fe92de08d887edc623d44b407a32298398a8c7b024305e74,sheet1:R14,,,
c151b3f45a839b59-sheet1-R15,2026-01-20,busan-dongnae,,유방녕의 웍,신규공모 도시재생사업 추진 관련 간담회 개최,127100,c151b3f45a839b59fe92de08d887edc623d44b407a32298398a8c7b024305e74,sheet1:R15,,,
c151b3f45a839b59-sheet1-R16,2026-01-26,busan-dongnae,,샤브연리지,총무과 직원 오찬 간담회 개최,258000,c151b3f45a839b59fe92de08d887edc623d44b407a32298398a8c7b024305e74,sheet1:R16,,,
c151b3f45a839b59-sheet1-R17,2026-01-27,busan-dongnae,,세연정,민방위 업무 관련 실무 간담회 개최,249000,c151b3f45a839b59fe92de08d887edc623d44b407a32298398a8c7b024305e74,sheet1:R17,,,
c151b3f45a839b59-sheet1-R18,2026-01-28,busan-dongnae,,동래스시,생활보장과 직원 격려 간담회 개최,139300,c151b3f45a839b59fe92de08d887edc623d44b407a32298398a8c7b024305e74,sheet1:R18,,,
c151b3f45a839b59-sheet1-R19,2026-01-28,busan-dongnae,,국제식품,산불방지대책 관련 전문가 간담회,226950,c151b3f45a839b59fe92de08d887edc623d44b407a32298398a8c7b024305e74,sheet1:R19,,,
c151b3f45a839b59-sheet1-R20,2026-01-29,busan-dongnae,,징기스 하나비,겨울철 재난대응업무 관련 간담회,266000,c151b3f45a839b59fe92de08d887edc623d44b407a32298398a8c7b024305e74,sheet1:R20,,,
c151b3f45a839b59-sheet1-R21,2026-01-30,busan-dongnae,,수정횟집,글로벌 축제 공모 선정 관련 간담회 개최,400000,c151b3f45a839b59fe92de08d887edc623d44b407a32298398a8c7b024305e74,sheet1:R21,,,
c151b3f45a839b59-sheet1-R22,2026-02-02,busan-dongnae,,참치가게,탄소중립 업무추진 관련 간담회 개최,205000,c151b3f45a839b59fe92de08d887edc623d44b407a32298398a8c7b024305e74,sheet1:R22,,,
c151b3f45a839b59-sheet1-R23,2026-02-03,busan-dongnae,,정림,2026년 구동정설명회 추진 관련 직원 격려 간담회 개최,175000,c151b3f45a839b59fe92de08d887edc623d44b407a32298398a8c7b024305e74,sheet1:R23,,,
c151b3f45a839b59-sheet1-R24,2026-02-03,busan-dongnae,,개인(성명 비공개),부구청장 업무추진비 지급,50000,c151b3f45a839b59fe92de08d887edc623d44b407a32298398a8c7b024305e74,sheet1:R24,,,
c151b3f45a839b59-sheet1-R25,2026-02-06,busan-dongnae,,㈜부산은행,설 명절맞이 현장근무직원 등 격려,900000,c151b3f45a839b59fe92de08d887edc623d44b407a32298398a8c7b024305e74,sheet1:R25,,,
c151b3f45a839b59-sheet1-R26,2026-02-11,busan-dongnae,,의성상회,산불 대응근무직원 격려,884000,c151b3f45a839b59fe92de08d887edc623d44b407a32298398a8c7b024305e74,sheet1:R26,,,
c151b3f45a839b59-sheet1-R27,2026-02-11,busan-dongnae,,영남식육식당,한옥체험마을 등 도시재생 업무추진 관련 간담회,490000,c151b3f45a839b59fe92de08d887edc623d44b407a32298398a8c7b024305e74,sheet1:R27,,,
c151b3f45a839b59-sheet1-R28,2026-02-12,busan-dongnae,,밀보스79,총무과 직원 격려 간담회 개최,262900,c151b3f45a839b59fe92de08d887edc623d44b407a32298398a8c7b024305e74,sheet1:R28,,,
c151b3f45a839b59-sheet1-R29,2026-02-13,busan-dongnae,,급행장,아동학대 대응 업무추진 관련 간담회 개최,363000,c151b3f45a839b59fe92de08d887edc623d44b407a32298398a8c7b024305e74,sheet1:R29,,,
c151b3f45a839b59-sheet1-R30,2026-02-19,busan-dongnae,,예원한정식,동래고을 편집위원과의 간담회 개최,360000,c151b3f45a839b59fe92de08d887edc623d44b407a32298398a8c7b024305e74,sheet1:R30,,,
c151b3f45a839b59-sheet1-R31,2026-02-19,busan-dongnae,,영남식육식당,"의료, 돌봄 통합지원 관련 업무단당자 격려 간담회 개최",400000,c151b3f45a839b59fe92de08d887edc623d44b407a32298398a8c7b024305e74,sheet1:R31,,,
c151b3f45a839b59-sheet1-R32,2026-02-25,busan-dongnae,,개인(성명 비공개),부구청장 업무추진비 지급,100000,c151b3f45a839b59fe92de08d887edc623d44b407a32298398a8c7b024305e74,sheet1:R32,,,
c151b3f45a839b59-sheet1-R33,2026-02-25,busan-dongnae,,동래삼계탕,제107주년 동래 3.1독립만세운동 재현행사 안전대책을 위한 관계자외의 간담회,228000,c151b3f45a839b59fe92de08d887edc623d44b407a32298398a8c7b024305e74,sheet1:R33,,,
c151b3f45a839b59-sheet1-R34,2026-02-26,busan-dongnae,,상무초밥,중대산업재해 업무관계 직원 격려 간담회 개최,77400,c151b3f45a839b59fe92de08d887edc623d44b407a32298398a8c7b024305e74,sheet1:R34,,,
c151b3f45a839b59-sheet1-R35,2026-02-26,busan-dongnae,,칠드아웃커피,중대산업재해 업무관계 직원 격려 간담회 개최,17500,c151b3f45a839b59fe92de08d887edc623d44b407a32298398a8c7b024305e74,sheet1:R35,,,
c151b3f45a839b59-sheet1-R36,2026-02-26,busan-dongnae,,메가마트,부구청장실 내방객 제공용 물품 구입,110730,c151b3f45a839b59fe92de08d887edc623d44b407a32298398a8c7b024305e74,sheet1:R36,,,
c151b3f45a839b59-sheet1-R38,2026-03-03,busan-dongnae,,개인(성명 비공개),부구청장 업무추진비 지급,150000,c151b3f45a839b59fe92de08d887edc623d44b407a32298398a8c7b024305e74,sheet1:R38,,,
c151b3f45a839b59-sheet1-R39,2026-03-03,busan-dongnae,,왕뼈왕오리,전통시장 등 상권활성화 업무추진 담당직원 격려 간담회 개최,114000,c151b3f45a839b59fe92de08d887edc623d44b407a32298398a8c7b024305e74,sheet1:R39,,,
c151b3f45a839b59-sheet1-R40,2026-03-04,busan-dongnae,,징기스 하나비,세무2과 직원 격려 간담회 개최,369000,c151b3f45a839b59fe92de08d887edc623d44b407a32298398a8c7b024305e74,sheet1:R40,,,
c151b3f45a839b59-sheet1-R41,2026-03-05,busan-dongnae,,개인(성명 비공개),부구청장 업무추진비 지급,100000,c151b3f45a839b59fe92de08d887edc623d44b407a32298398a8c7b024305e74,sheet1:R41,,,
c151b3f45a839b59-sheet1-R42,2026-03-05,busan-dongnae,,영남식육식당,기획감사실 직원 격려 간담회 개최,450000,c151b3f45a839b59fe92de08d887edc623d44b407a32298398a8c7b024305e74,sheet1:R42,,,
c151b3f45a839b59-sheet1-R43,2026-03-06,busan-dongnae,,영남식육식당,총무과 직원 격려 오찬 간담회 개최,274500,c151b3f45a839b59fe92de08d887edc623d44b407a32298398a8c7b024305e74,sheet1:R43,,,
c151b3f45a839b59-sheet1-R44,2026-03-09,busan-dongnae,,동래스시,구청장 군수협의회 준비 직원 격려 오찬 간담회 개최,108000,c151b3f45a839b59fe92de08d887edc623d44b407a32298398a8c7b024305e74,sheet1:R44,,,
c151b3f45a839b59-sheet1-R45,2026-03-09,busan-dongnae,,급행장,동래구 도시재생 특화전략 관련 전문가 간담회 개최,200000,c151b3f45a839b59fe92de08d887edc623d44b407a32298398a8c7b024305e74,sheet1:R45,,,
c151b3f45a839b59-sheet1-R46,2026-03-10,busan-dongnae,,옥샘,녹지공원과 직원 격려 오찬 간담회 개최,247000,c151b3f45a839b59fe92de08d887edc623d44b407a32298398a8c7b024305e74,sheet1:R46,,,
c151b3f45a839b59-sheet1-R47,2026-03-10,busan-dongnae,,개인(성명 비공개),부구청장 업무추진비 지급,100000,c151b3f45a839b59fe92de08d887edc623d44b407a32298398a8c7b024305e74,sheet1:R47,,,
c151b3f45a839b59-sheet1-R48,2026-03-12,busan-dongnae,,맛찬들왕소금구이,음식물류폐기물 정책 추진 관련 직원 간담회 개최,450000,c151b3f45a839b59fe92de08d887edc623d44b407a32298398a8c7b024305e74,sheet1:R48,,,
c151b3f45a839b59-sheet1-R49,2026-03-13,busan-dongnae,,홍탁,주차장 조성정책 추진 관련 간담회 개최,282000,c151b3f45a839b59fe92de08d887edc623d44b407a32298398a8c7b024305e74,sheet1:R49,,,
c151b3f45a839b59-sheet1-R50,2026-03-16,busan-dongnae,,정림,청년정책 추진업무 담당 공무원 격려 간담회 개최,105000,c151b3f45a839b59fe92de08d887edc623d44b407a32298398a8c7b024305e74,sheet1:R50,,,
c151b3f45a839b59-sheet1-R51,2026-03-16,busan-dongnae,,개인(성명 비공개),부구청장 업무추진비 지급,150000,c151b3f45a839b59fe92de08d887edc623d44b407a32298398a8c7b024305e74,sheet1:R51,,,
c151b3f45a839b59-sheet1-R52,2026-03-16,busan-dongnae,,징기스 하나비,체육홍보과 직원 격려 간담회 개최,202000,c151b3f45a839b59fe92de08d887edc623d44b407a32298398a8c7b024305e74,sheet1:R52,,,
c151b3f45a839b59-sheet1-R53,2026-03-17,busan-dongnae,,징기스 하나비,금정산국립공원 활용정책 관련 전문가 간담회 개최,192000,c151b3f45a839b59fe92de08d887edc623d44b407a32298398a8c7b024305e74,sheet1:R53,,,
c151b3f45a839b59-sheet1-R54,2026-03-18,busan-dongnae,,동래삼계탕,예산계 직원 격려 오찬 간담회 개최,168000,c151b3f45a839b59fe92de08d887edc623d44b407a32298398a8c7b024305e74,sheet1:R54,,,
c151b3f45a839b59-sheet1-R55,2026-03-18,busan-dongnae,,영남식육식당,공동주택관리지원사업 관련 담당직원 격려 간담회 개최,410000,c151b3f45a839b59fe92de08d887edc623d44b407a32298398a8c7b024305e74,sheet1:R55,,,
c151b3f45a839b59-sheet1-R56,2026-03-19,busan-dongnae,,낙동강오리알,6급 실무자 점프업 워크숍 참석 간부 간담회 개최,120000,c151b3f45a839b59fe92de08d887edc623d44b407a32298398a8c7b024305e74,sheet1:R56,,,
c151b3f45a839b59-sheet1-R57,2026-03-20,busan-dongnae,,정림,평생학습센터 운영 관련 직원 격려 간담회 개최,105000,c151b3f45a839b59fe92de08d887edc623d44b407a32298398a8c7b024305e74,sheet1:R57,,,
c151b3f45a839b59-sheet1-R58,2026-03-23,busan-dongnae,,맛찬들왕소금구이,세무1과 직원 격려 간담회 개최,263000,c151b3f45a839b59fe92de08d887edc623d44b407a32298398a8c7b024305e74,sheet1:R58,,,
c151b3f45a839b59-sheet1-R59,2026-03-24,busan-dongnae,,정림,지역경제 활성화 정책 담당자 간담회 개최,90000,c151b3f45a839b59fe92de08d887edc623d44b407a32298398a8c7b024305e74,sheet1:R59,,,
c151b3f45a839b59-sheet1-R60,2026-03-25,busan-dongnae,,동래할매파전,문화관광과 직원 격려 오찬 간담회 개최,105000,c151b3f45a839b59fe92de08d887edc623d44b407a32298398a8c7b024305e74,sheet1:R60,,,
c151b3f45a839b59-sheet1-R61,2026-03-25,busan-dongnae,,개인(성명 비공개),부구청장 업무추진비 지급,100000,c151b3f45a839b59fe92de08d887edc623d44b407a32298398a8c7b024305e74,sheet1:R61,,,
c151b3f45a839b59-sheet1-R62,2026-03-26,busan-dongnae,,재진이네 대구뽈구이,복지정책과 직원 격려 간담회 개최,120000,c151b3f45a839b59fe92de08d887edc623d44b407a32298398a8c7b024305e74,sheet1:R62,,,
c151b3f45a839b59-sheet1-R63,2026-03-26,busan-dongnae,,지노스 뉴욕피자,구정 시책 추진관련 업무 간담회 개최,189000,c151b3f45a839b59fe92de08d887edc623d44b407a32298398a8c7b024305e74,sheet1:R63,,,
c151b3f45a839b59-sheet1-R64,2026-03-27,busan-dongnae,,박만배아리랑,생활보장과 직원 격려 오찬 간담회 개최,80000,c151b3f45a839b59fe92de08d887edc623d44b407a32298398a8c7b024305e74,sheet1:R64,,,
c151b3f45a839b59-sheet1-R65,2026-03-30,busan-dongnae,,천황식당,점프업 워크숍(2기)참석 관련 간부 간담회 개최,95000,c151b3f45a839b59fe92de08d887edc623d44b407a32298398a8c7b024305e74,sheet1:R65,,,
c151b3f45a839b59-sheet1-R66,2026-03-31,busan-dongnae,,청해아구찜,아동청소년과 직원 격려 오찬 간담회 개최,142000,c151b3f45a839b59fe92de08d887edc623d44b407a32298398a8c7b024305e74,sheet1:R66,,,
95e18f37494081f7-table1-R3,2026-02-24,busan-dongnae,,정림 전통한식,개별주택가격 검증작업을 위한업무연찬 및 간담회 개최,325000,95e18f37494081f739f5bfc9b567777b720f90cc9778073b05f33c3102e080c1,table1:R3,,,
1cc9f5b056557800-table1-R3,2026-01-08,busan-dongnae,,정림,동래구 마을세무사와의 오찬 간담회,360000,1cc9f5b0565578008f1bc8814df8fd14044bbdc961c9cc54ef94390c6fdc4f15,table1:R3,,,
c51f6d5c93b5510c-table1-R3,2026-01-12,busan-dongnae,,다미초밥,단체장 간담회 개최,330000,c51f6d5c93b5510c9c67c3fe4cb8e8097793089d2b2fabd77da78d1f634439e2,table1:R3,,,
c51f6d5c93b5510c-table1-R4,2026-01-21,busan-dongnae,,부산떡집 떡바라기,2026년 구·동정설명회 방문객 제공 다과(떡) 구입,100000,c51f6d5c93b5510c9c67c3fe4cb8e8097793089d2b2fabd77da78d1f634439e2,table1:R4,,,
c51f6d5c93b5510c-table1-R5,2026-02-09,busan-dongnae,,구자윤과자점 온천점,설 명절 맞이 직원 격려 상품권 구입,690000,c51f6d5c93b5510c9c67c3fe4cb8e8097793089d2b2fabd77da78d1f634439e2,table1:R5,,,
9cbff7c13b7318ba-table1-R3,2026-01-28,busan-dongnae,,정림,부산형 선결제 참여 선결제(스토리텔링 업무추진),296000,9cbff7c13b7318bad8015bd533ccd924530d79290e5d7b53645d38d73861f37c,table1:R3,,,
9cbff7c13b7318ba-table1-R4,2026-01-28,busan-dongnae,,동래스시,부산형 선결제 참여 선결제(문화예술사업 추진),150000,9cbff7c13b7318bad8015bd533ccd924530d79290e5d7b53645d38d73861f37c,table1:R4,,,
9cbff7c13b7318ba-table1-R5,2026-01-30,busan-dongnae,,사헌,부산형 선결제 참여 선결제(관광축제 업무추진),117000,9cbff7c13b7318bad8015bd533ccd924530d79290e5d7b53645d38d73861f37c,table1:R5,,,
9cbff7c13b7318ba-table1-R6,2026-03-05,busan-dongnae,,달빛에 구운 고등어,전통문화 활성화 및 문화 발전 격려 간담회 개최,125000,9cbff7c13b7318bad8015bd533ccd924530d79290e5d7b53645d38d73861f37c,table1:R6,,,
81767fed8badd2d8-table1-R3,2026-01-28,busan-dongnae,,동래삼계탕,부산형 선결제 참여,165000,81767fed8badd2d82e96f2c04adf70c2eb4dd7d80153056d8552375a147ce15f,table1:R3,,,
81767fed8badd2d8-table1-R4,2026-01-28,busan-dongnae,,샐러드 앤 펍,부산형 선결제 참여,165000,81767fed8badd2d82e96f2c04adf70c2eb4dd7d80153056d8552375a147ce15f,table1:R4,,,
81767fed8badd2d8-table1-R5,2026-01-28,busan-dongnae,,보광유황한방오리,부산형 선결제 참여,165000,81767fed8badd2d82e96f2c04adf70c2eb4dd7d80153056d8552375a147ce15f,table1:R5,,,
81767fed8badd2d8-table1-R6,2026-01-28,busan-dongnae,,더바른식당,부산형 선결제 참여,165000,81767fed8badd2d82e96f2c04adf70c2eb4dd7d80153056d8552375a147ce15f,table1:R6,,,
81767fed8badd2d8-table1-R7,2026-01-30,busan-dongnae,,금정떡방앗간,자원순환과 환경공무관 등 격려 간식 구입,116100,81767fed8badd2d82e96f2c04adf70c2eb4dd7d80153056d8552375a147ce15f,table1:R7,,,
81767fed8badd2d8-table1-R8,2026-03-10,busan-dongnae,,교촌치킨 복천점,문화환경국 직원 격려간식 구입,525000,81767fed8badd2d82e96f2c04adf70c2eb4dd7d80153056d8552375a147ce15f,table1:R8,,,
674684dcbef41cd0-table1-R2,2026-01-09,busan-dongnae,,옥샘,산림병해충 관련회의 간담회 개최,200000,674684dcbef41cd087bd6c06dba7e5be9098225e59bc2d5c6eb8f15a4e3064af,table1:R2,,,
674684dcbef41cd0-table1-R3,2026-01-19,busan-dongnae,,파리쟝,공원 사업 업무 협의 간식 구입,25000,674684dcbef41cd087bd6c06dba7e5be9098225e59bc2d5c6eb8f15a4e3064af,table1:R3,,,
674684dcbef41cd0-table1-R4,2026-01-26,busan-dongnae,,꽃돼지식당,녹지업무 직원 격려 간담회,210000,674684dcbef41cd087bd6c06dba7e5be9098225e59bc2d5c6eb8f15a4e3064af,table1:R4,,,
674684dcbef41cd0-table1-R5,2026-01-26,busan-dongnae,,동래고려삼계탕 본점,공원업무 현업근로자 격려 오찬 간담회,225000,674684dcbef41cd087bd6c06dba7e5be9098225e59bc2d5c6eb8f15a4e3064af,table1:R5,,,
674684dcbef41cd0-table1-R6,2026-01-26,busan-dongnae,,블루샥 부산동래구청점,공원업무 현업근로자 격려 오찬 간담회,225000,674684dcbef41cd087bd6c06dba7e5be9098225e59bc2d5c6eb8f15a4e3064af,table1:R6,,,
674684dcbef41cd0-table1-R7,2026-03-13,busan-dongnae,,파리쟝,2026년 정기 유아숲반 협약식 다과 구입,140000,674684dcbef41cd087bd6c06dba7e5be9098225e59bc2d5c6eb8f15a4e3064af,table1:R7,,,
674684dcbef41cd0-table1-R8,2026-03-16,busan-dongnae,,읍천리382부산연제점,소나무재선충병 지역방제협의회 회의 다과 구입,105000,674684dcbef41cd087bd6c06dba7e5be9098225e59bc2d5c6eb8f15a4e3064af,table1:R8,,,
674684dcbef41cd0-table1-R9,2026-03-25,busan-dongnae,,옥샘,녹지업무 현장근로자 격려 간담회,164000,674684dcbef41cd087bd6c06dba7e5be9098225e59bc2d5c6eb8f15a4e3064af,table1:R9,,,
8d4819fcc6f75821-sheet1-R5,2026-01-14,busan-dongnae,,고불성,도시재생사업 추진방안 논의를 위한 간담회 개최,239000,8d4819fcc6f7582179484242c2f76e63c7986d33b1d5e5879544cead16d9c530,sheet1:R5,,,
8d4819fcc6f75821-sheet1-R6,2026-01-19,busan-dongnae,,풍년떡방앗간,직원 격려 간식 구입,159000,8d4819fcc6f7582179484242c2f76e63c7986d33b1d5e5879544cead16d9c530,sheet1:R6,,,
8d4819fcc6f75821-sheet1-R7,2026-01-20,busan-dongnae,,㈜쿠팡,부서운영 물품구입(커피 등),35400,8d4819fcc6f7582179484242c2f76e63c7986d33b1d5e5879544cead16d9c530,sheet1:R7,,,
8d4819fcc6f75821-sheet1-R8,2026-01-23,busan-dongnae,,동래스시,옥외광고 업무 추진 관계자 간담회 개최,180000,8d4819fcc6f7582179484242c2f76e63c7986d33b1d5e5879544cead16d9c530,sheet1:R8,,,
8d4819fcc6f75821-sheet1-R9,2026-01-27,busan-dongnae,,㈜메가마트 동래점,부서운영 물품구입(다과 등),104230,8d4819fcc6f7582179484242c2f76e63c7986d33b1d5e5879544cead16d9c530,sheet1:R9,,,
8d4819fcc6f75821-sheet1-R10,2026-02-04,busan-dongnae,,상무초밥 부산동래점,민방위 업무 추진 담당자 간담회 개최,262100,8d4819fcc6f7582179484242c2f76e63c7986d33b1d5e5879544cead16d9c530,sheet1:R10,,,
8d4819fcc6f75821-sheet1-R11,2026-02-05,busan-dongnae,,꽃돼지식당,인사이동에 따른 직원 간담회 개최,646000,8d4819fcc6f7582179484242c2f76e63c7986d33b1d5e5879544cead16d9c530,sheet1:R11,,,
8d4819fcc6f75821-sheet1-R12,2026-02-09,busan-dongnae,,꽃돼지식당,셉테드사업 추진방향 논의를 위한 간담회 개최,210000,8d4819fcc6f7582179484242c2f76e63c7986d33b1d5e5879544cead16d9c530,sheet1:R12,,,
8d4819fcc6f75821-sheet1-R13,2026-02-25,busan-dongnae,,㈜메가마트 동래점,부서운영 물품구입(다과 등),74500,8d4819fcc6f7582179484242c2f76e63c7986d33b1d5e5879544cead16d9c530,sheet1:R13,,,
8d4819fcc6f75821-sheet1-R14,2026-03-05,busan-dongnae,,㈜쿠팡,부서운영 물품구입(커피 등),38390,8d4819fcc6f7582179484242c2f76e63c7986d33b1d5e5879544cead16d9c530,sheet1:R14,,,
8d4819fcc6f75821-sheet1-R15,2026-03-24,busan-dongnae,,동래스시,옥외광고 업무 추진 관계자 간담회 개최,14600,8d4819fcc6f7582179484242c2f76e63c7986d33b1d5e5879544cead16d9c530,sheet1:R15,,,
8d4819fcc6f75821-sheet1-R16,2026-03-26,busan-dongnae,,㈜메가마트 동래점,부서운영 물품구입(다과 등),82650,8d4819fcc6f7582179484242c2f76e63c7986d33b1d5e5879544cead16d9c530,sheet1:R16,,,
f638eeb5d5a7ec6c-table1-R3,2026-01-12,busan-dongnae,,쿠팡,내방객 제공 음료 구입,11900,f638eeb5d5a7ec6c3125540d8b7645e9345c25617505f4305ac42266347071ca,table1:R3,,,
f638eeb5d5a7ec6c-table1-R4,2026-01-13,busan-dongnae,,밀양뚝배기,명륜동 단체장·총무 간담회 개최,170000,f638eeb5d5a7ec6c3125540d8b7645e9345c25617505f4305ac42266347071ca,table1:R4,,,
f638eeb5d5a7ec6c-table1-R5,2026-01-19,busan-dongnae,,진주떡집,명륜동 업무추진비 선결제 추진(1차) - 내방객 제공 다과 구입,175000,f638eeb5d5a7ec6c3125540d8b7645e9345c25617505f4305ac42266347071ca,table1:R5,,,
f638eeb5d5a7ec6c-table1-R6,2026-01-19,busan-dongnae,,석이추어탕,명륜동 업무추진비 선결제 추진(2차) - 희망지키미후원회 간담회,300000,f638eeb5d5a7ec6c3125540d8b7645e9345c25617505f4305ac42266347071ca,table1:R6,,,
f638eeb5d5a7ec6c-table1-R7,2026-01-26,busan-dongnae,,쿠팡,내방객 제공 생수 및 차류 구입,24050,f638eeb5d5a7ec6c3125540d8b7645e9345c25617505f4305ac42266347071ca,table1:R7,,,
f638eeb5d5a7ec6c-table1-R8,2026-01-27,busan-dongnae,,울산상회,내방객 제공 다과 재료 구입,72050,f638eeb5d5a7ec6c3125540d8b7645e9345c25617505f4305ac42266347071ca,table1:R8,,,
f638eeb5d5a7ec6c-table1-R9,2026-02-04,busan-dongnae,,부산은행,2026년 설 명절맞이 소속 직원 온누리상품권 구입,390000,f638eeb5d5a7ec6c3125540d8b7645e9345c25617505f4305ac42266347071ca,table1:R9,,,
f638eeb5d5a7ec6c-table1-R10,2026-03-18,busan-dongnae,,쿠팡,내방객 제공 음료 구입,152500,f638eeb5d5a7ec6c3125540d8b7645e9345c25617505f4305ac42266347071ca,table1:R10,,,
f638eeb5d5a7ec6c-table1-R11,2026-03-25,busan-dongnae,,왕뼈왕오리,자생단체 격려 간담회 개최(통장협의회),400000,f638eeb5d5a7ec6c3125540d8b7645e9345c25617505f4305ac42266347071ca,table1:R11,,,
addb4ff92fae67b1-table1-R3,2026-01-14,busan-dongnae,,쿠팡,부서 운영물품(커피 등) 구입,96380,addb4ff92fae67b11b8044e693184a48564cd2105c262ca4d630ee2ffe1dca90,table1:R3,,,
addb4ff92fae67b1-table1-R4,2026-01-15,busan-dongnae,,날마다 대박나는집,업무추진비 선결제 (헌혈기념식),360000,addb4ff92fae67b11b8044e693184a48564cd2105c262ca4d630ee2ffe1dca90,table1:R4,,,
addb4ff92fae67b1-table1-R5,2026-01-15,busan-dongnae,,정림,업무추진비 선결제 (헌혈추진협의회),650000,addb4ff92fae67b11b8044e693184a48564cd2105c262ca4d630ee2ffe1dca90,table1:R5,,,
addb4ff92fae67b1-table1-R6,2026-01-15,busan-dongnae,,귀빈가,업무추진비 선결제 (주민자율방역단 간담회),340000,addb4ff92fae67b11b8044e693184a48564cd2105c262ca4d630ee2ffe1dca90,table1:R6,,,
addb4ff92fae67b1-table1-R7,2026-01-22,busan-dongnae,,보건온누리 약국,2026년 지역보건의료심의위원회 정기회의 다과 구입,30000,addb4ff92fae67b11b8044e693184a48564cd2105c262ca4d630ee2ffe1dca90,table1:R7,,,
addb4ff92fae67b1-table1-R8,2026-01-27,busan-dongnae,,안디아모,업무추진비 선결제 (직원 간담회),740000,addb4ff92fae67b11b8044e693184a48564cd2105c262ca4d630ee2ffe1dca90,table1:R8,,,
addb4ff92fae67b1-table1-R9,2026-01-30,busan-dongnae,,쿠팡,"부서 운영물품(차, 음료) 구입",67490,addb4ff92fae67b11b8044e693184a48564cd2105c262ca4d630ee2ffe1dca90,table1:R9,,,
addb4ff92fae67b1-table1-R10,2026-02-03,busan-dongnae,,심우장,업무추진비 선결제 (동래구재활협의체 간담회),360000,addb4ff92fae67b11b8044e693184a48564cd2105c262ca4d630ee2ffe1dca90,table1:R10,,,
addb4ff92fae67b1-table1-R11,2026-02-11,busan-dongnae,,㈜부산은행 (온누리상품권),설 맞이 직원 격려 상품권 구입,800000,addb4ff92fae67b11b8044e693184a48564cd2105c262ca4d630ee2ffe1dca90,table1:R11,,,
addb4ff92fae67b1-table1-R12,2026-02-13,busan-dongnae,,롯데마트 동래점,설 연휴 상황실 근무자 간식 구입,12160,addb4ff92fae67b11b8044e693184a48564cd2105c262ca4d630ee2ffe1dca90,table1:R12,,,
addb4ff92fae67b1-table1-R13,2026-03-27,busan-dongnae,,플라워수련,해운대구 건강생활지원센터 개소식 축하 화분 구입,100000,addb4ff92fae67b11b8044e693184a48564cd2105c262ca4d630ee2ffe1dca90,table1:R13,,,
2c0d8d93ccb1583f-table1-R3,2026-01-08,busan-dongnae,,옛정참숯불갈비,주민자치위원회 노고 격려 간담회 개최,400000,2c0d8d93ccb1583f17d60a18bf5d9f2d83c36655b1d33577bcd255f4bbb2319b,table1:R3,,,
2c0d8d93ccb1583f-table1-R4,2026-01-22,busan-dongnae,,"금정떡방앗간, 국민건어물",2026년 구ㆍ동정 설명회 내방객 제공 다과 구입,214980,2c0d8d93ccb1583f17d60a18bf5d9f2d83c36655b1d33577bcd255f4bbb2319b,table1:R4,,,
2c0d8d93ccb1583f-table1-R5,2026-01-23,busan-dongnae,,삼천포횟집,2026년 구ㆍ동정 설명회 참석자 간담회 개최,625000,2c0d8d93ccb1583f17d60a18bf5d9f2d83c36655b1d33577bcd255f4bbb2319b,table1:R5,,,
2c0d8d93ccb1583f-table1-R6,2026-02-06,busan-dongnae,,맥도날드 사직점,천사후원회 업무 간담회 개최,23700,2c0d8d93ccb1583f17d60a18bf5d9f2d83c36655b1d33577bcd255f4bbb2319b,table1:R6,,,
2c0d8d93ccb1583f-table1-R7,2026-02-09,busan-dongnae,,"꼬들대패 부산사직점, 블루샥 부산사직점",새마을부녀회 노고 격려 간담회 개최,102000,2c0d8d93ccb1583f17d60a18bf5d9f2d83c36655b1d33577bcd255f4bbb2319b,table1:R7,,,
2c0d8d93ccb1583f-table1-R8,2026-02-09,busan-dongnae,,부산은행,2026년 설 명절맞이 직원 격려 상품권 구입,390000,2c0d8d93ccb1583f17d60a18bf5d9f2d83c36655b1d33577bcd255f4bbb2319b,table1:R8,,,
2c0d8d93ccb1583f-table1-R9,2026-02-12,busan-dongnae,,메가마트 동래점,내방객 제공 다과 구입,243890,2c0d8d93ccb1583f17d60a18bf5d9f2d83c36655b1d33577bcd255f4bbb2319b,table1:R9,,,
2c0d8d93ccb1583f-table1-R10,2026-02-25,busan-dongnae,,"샤브향 부산사직점, 맥도날드 사직점",통장 노고 격려 간담회 개최,426700,2c0d8d93ccb1583f17d60a18bf5d9f2d83c36655b1d33577bcd255f4bbb2319b,table1:R10,,,
2c0d8d93ccb1583f-table1-R11,2026-02-26,busan-dongnae,,고기정거장,방위협의회 회원 노고 격려 간담회 개최,200000,2c0d8d93ccb1583f17d60a18bf5d9f2d83c36655b1d33577bcd255f4bbb2319b,table1:R11,,,
2c0d8d93ccb1583f-table1-R12,2026-03-04,busan-dongnae,,탑마트 사직점,내방객 제공 다과 구입,39600,2c0d8d93ccb1583f17d60a18bf5d9f2d83c36655b1d33577bcd255f4bbb2319b,table1:R12,,,
2c0d8d93ccb1583f-table1-R13,2026-03-05,busan-dongnae,,탑마트 사직점,내방객 제공 다과 구입,19800,2c0d8d93ccb1583f17d60a18bf5d9f2d83c36655b1d33577bcd255f4bbb2319b,table1:R13,,,
07216e0ea19b8a46-table1-R3,2026-01-05,busan-dongnae,,쿠이 (복천양식당),인사발령에 따른 직원 간담회 개최,270000,07216e0ea19b8a4644d218194958fe0558a69350ce59c4767d2e0d4b5b8708c1,table1:R3,,,
07216e0ea19b8a46-table1-R4,2026-01-15,busan-dongnae,,전주아구찜,복산동 단체장 간담회 개최,385000,07216e0ea19b8a4644d218194958fe0558a69350ce59c4767d2e0d4b5b8708c1,table1:R4,,,
07216e0ea19b8a46-table1-R6,2026-01-29,busan-dongnae,,울산상회,2026년 구·동정설명회 방문객 제공 차(수정과) 재료 구입,49200,07216e0ea19b8a4644d218194958fe0558a69350ce59c4767d2e0d4b5b8708c1,table1:R6,,,
07216e0ea19b8a46-table1-R7,2026-01-28,busan-dongnae,,떡바라기,2026년 구·동정설명회 방문객 제공 다과(떡) 구입,100000,07216e0ea19b8a4644d218194958fe0558a69350ce59c4767d2e0d4b5b8708c1,table1:R7,,,
07216e0ea19b8a46-table1-R8,2026-02-09,busan-dongnae,,부산은행,2026년 설 명절맞이 소속직원 격려 상품권 구입,330000,07216e0ea19b8a4644d218194958fe0558a69350ce59c4767d2e0d4b5b8708c1,table1:R8,,,
07216e0ea19b8a46-table1-R9,2026-03-13,busan-dongnae,,무진장횟집,복산동 청년회 간담회 개최,300000,07216e0ea19b8a4644d218194958fe0558a69350ce59c4767d2e0d4b5b8708c1,table1:R9,,,
07216e0ea19b8a46-table1-R10,2026-03-19,busan-dongnae,,탑할인마트,내방객 제공 다과류 구입,289950,07216e0ea19b8a4644d218194958fe0558a69350ce59c4767d2e0d4b5b8708c1,table1:R10,,,
